clip_id,group_idx,clip_name,matched_events,matched_keywords,similarity,local_desc,mp4_path,json_path,label
06FNvY2s,2,IM_14,goal,goal:\bgoal\b,0.797,"Despite an onslaught from Napoli, they were unable to find the goal. Cagliari took their one and only chance.",/home/eboccaletti/thesis_project/data/MOMENTS/06FNvY2s/important-moments/2/IM_14.mp4,/home/eboccaletti/thesis_project/data/MOMENTS/06FNvY2s/important-moments/2/IM_14_v1.json,
06FNvY2s,2,IM_9,goal,goal:\bscored\b,0.980,Mertens has scored from this position. And it's the post.,/home/eboccaletti/thesis_project/data/MOMENTS/06FNvY2s/important-moments/2/IM_9.mp4,/home/eboccaletti/thesis_project/data/MOMENTS/06FNvY2s/important-moments/2/IM_9_v1.json,
0Glu8uEj,1,IM_3,goal,"goal:\bgoal\b,\bscores?\b",0.957,But he's far too far away from Raheem Sterling. And this is a Raheem Sterling goal. How often do we see him in the right place at the right time to score?,/home/eboccaletti/thesis_project/data/MOMENTS/0Glu8uEj/important-moments/1/IM_3.mp4,/home/eboccaletti/thesis_project/data/MOMENTS/0Glu8uEj/important-moments/1/IM_3_v1.json,
0Glu8uEj,2,IM_2,goal,"goal:\bgoal\b,\bscored\b",0.932,"Kevin De Bruyne knows something's on, look at his head, he knows that pass is on, can he deliver it? Yes he can. Can he just finish it off Man City? And he scored the goal.",/home/eboccaletti/thesis_project/data/MOMENTS/0Glu8uEj/important-moments/2/IM_2.mp4,/home/eboccaletti/thesis_project/data/MOMENTS/0Glu8uEj/important-moments/2/IM_2_v1.json,
0jJj5Mme,1,IM_10,goal,goal:\bgoal\b,0.977,A wonderful strike from the edge of the box. Atalanta have been rampant and now they have a second goal to show.,/home/eboccaletti/thesis_project/data/MOMENTS/0jJj5Mme/important-moments/1/IM_10.mp4,/home/eboccaletti/thesis_project/data/MOMENTS/0jJj5Mme/important-moments/1/IM_10_v1.json,
0jJj5Mme,1,IM_15,goal,goal:\bgoal\b,0.957,"Atalanta, they've missed two of the last three penalties for Duvam Zapata to take this one. Duvam Zapata rolls it in. Atalanta are clear and Duvam Zapata has his first goal which is returning from that near three-month layoff.",/home/eboccaletti/thesis_project/data/MOMENTS/0jJj5Mme/important-moments/1/IM_15.mp4,/home/eboccaletti/thesis_project/data/MOMENTS/0jJj5Mme/important-moments/1/IM_15_v1.json,
0jJj5Mme,1,IM_1,goal,goal:\bscores?\b,0.768,So they're getting to the first ball quite often. Look at that for a chance now. Palomino's done well. It's gone all the way through. And he owns the bill again. They don't look at the score.,/home/eboccaletti/thesis_project/data/MOMENTS/0jJj5Mme/important-moments/1/IM_1.mp4,/home/eboccaletti/thesis_project/data/MOMENTS/0jJj5Mme/important-moments/1/IM_1_v1.json,
0jJj5Mme,1,IM_2,goal,goal:\bgoal\b,0.788,It is yet another goal for Yosti Bilicic.,/home/eboccaletti/thesis_project/data/MOMENTS/0jJj5Mme/important-moments/1/IM_2.mp4,/home/eboccaletti/thesis_project/data/MOMENTS/0jJj5Mme/important-moments/1/IM_2_v1.json,
0jJj5Mme,1,IM_4,goal,goal:\bgoal\b,0.804,"But where Zapata could, Josip Ilyich could. And it's the opening goal.",/home/eboccaletti/thesis_project/data/MOMENTS/0jJj5Mme/important-moments/1/IM_4.mp4,/home/eboccaletti/thesis_project/data/MOMENTS/0jJj5Mme/important-moments/1/IM_4_v1.json,
0jJj5Mme,2,IM_2,goal,goal:\bgoal\b,0.836,"The stadium Olympic earlier in the season to Atalanta even on the 69 minute mark is when Bianco Celeste got her first goal back. Oh and Elicicic has taken this quickly, the goalkeeper's a long way out.",/home/eboccaletti/thesis_project/data/MOMENTS/0jJj5Mme/important-moments/2/IM_2.mp4,/home/eboccaletti/thesis_project/data/MOMENTS/0jJj5Mme/important-moments/2/IM_2_v1.json,
0rkvoaKm,1,IM_5,goal,goal:\bgoal\b,0.607,A green figure there in the centre of that goal. Tanya sends in the wrong way. Cooley taken. And Spall are in front here at the Olympics.,/home/eboccaletti/thesis_project/data/MOMENTS/0rkvoaKm/important-moments/1/IM_5.mp4,/home/eboccaletti/thesis_project/data/MOMENTS/0rkvoaKm/important-moments/1/IM_5_v1.json,
0rkvoaKm,2,IM_1,goal,goal:\bputs? it (away|in)\b,0.604,"No way forward, he put it in there, El Sharawi does well, goes to Fizzle, Dzeko! Oh, the post, stretching for that.",/home/eboccaletti/thesis_project/data/MOMENTS/0rkvoaKm/important-moments/2/IM_1.mp4,/home/eboccaletti/thesis_project/data/MOMENTS/0rkvoaKm/important-moments/2/IM_1_v1.json,
0rkvoaKm,2,IM_4,goal,goal:\bgoal\b,0.685,"Canaan's going in second half. Bison delivering, there is the second goal! And it's for Devanzi! And a shock is on the card!",/home/eboccaletti/thesis_project/data/MOMENTS/0rkvoaKm/important-moments/2/IM_4.mp4,/home/eboccaletti/thesis_project/data/MOMENTS/0rkvoaKm/important-moments/2/IM_4_v1.json,
29Qtz4MD,1,IM_6,goal,goal:\bgoal\b,0.970,Because the technique that he's got is tremendous. Again they move it. Again! Juve take advantage. Emrejan. They have a two-goal lead.,/home/eboccaletti/thesis_project/data/MOMENTS/29Qtz4MD/important-moments/1/IM_6.mp4,/home/eboccaletti/thesis_project/data/MOMENTS/29Qtz4MD/important-moments/1/IM_6_v1.json,
29Qtz4MD,1,IM_7,goal,goal:\bgoes in\b,0.850,"It's two against one, they go to sleep Napoli and when it comes in there's Jan and as it goes in...",/home/eboccaletti/thesis_project/data/MOMENTS/29Qtz4MD/important-moments/1/IM_7.mp4,/home/eboccaletti/thesis_project/data/MOMENTS/29Qtz4MD/important-moments/1/IM_7_v1.json,
29Qtz4MD,2,IM_2,goal,goal:\bgoal\b,0.764,"Of course he still might not end up as Campo Canonnere which he'll desperately want. Quagliarella and Fiontek, plenty to say. Here's Insigne, that's a better ball in from Insigne! And Kyle Hahn pulls the goal back!",/home/eboccaletti/thesis_project/data/MOMENTS/29Qtz4MD/important-moments/2/IM_2.mp4,/home/eboccaletti/thesis_project/data/MOMENTS/29Qtz4MD/important-moments/2/IM_2_v1.json,
29Qtz4MD,2,IM_3,goal,goal:\bgoal\b,0.544,And Kyle Hahn pulls the goal back. And we have a game.,/home/eboccaletti/thesis_project/data/MOMENTS/29Qtz4MD/important-moments/2/IM_3.mp4,/home/eboccaletti/thesis_project/data/MOMENTS/29Qtz4MD/important-moments/2/IM_3_v1.json,
4IUxUAwJ,1,IM_12,goal,goal:\bgoal\b,0.637,"Stryker in form, my goodness, what a strike. Lukas Leva as well can see what's going to happen, he gets back, he's got no chance. Hasn't got time to jump, if he does he's not getting there, keeper can't get there, that's a brilliant strike. Pace power right in the top corner as well, up and over the wall. Deserved a goal, Milik, he's got one.",/home/eboccaletti/thesis_project/data/MOMENTS/4IUxUAwJ/important-moments/1/IM_12.mp4,/home/eboccaletti/thesis_project/data/MOMENTS/4IUxUAwJ/important-moments/1/IM_12_v1.json,
4IUxUAwJ,2,IM_10,goal,goal:\bscores?\b,0.952,They have looked at it and quickly wiped it off. Nothing wrong with that. Here's Immobile. One-on-one and into the bottom corner. The man from Naples scores for the first time at the San Paolo.,/home/eboccaletti/thesis_project/data/MOMENTS/4IUxUAwJ/important-moments/2/IM_10.mp4,/home/eboccaletti/thesis_project/data/MOMENTS/4IUxUAwJ/important-moments/2/IM_10_v1.json,
4IUxUAwJ,2,IM_11,goal,goal:\bgoal\b,1.000,And Lazio have a goal back and have substantial hope now. It's a brilliant finish.,/home/eboccaletti/thesis_project/data/MOMENTS/4IUxUAwJ/important-moments/2/IM_11.mp4,/home/eboccaletti/thesis_project/data/MOMENTS/4IUxUAwJ/important-moments/2/IM_11_v1.json,
4IUxUAwJ,2,IM_1,goal,goal:\bgoal\b,0.995,We are underway and Lazio have to find a way of scoring the next goal.,/home/eboccaletti/thesis_project/data/MOMENTS/4IUxUAwJ/important-moments/2/IM_1.mp4,/home/eboccaletti/thesis_project/data/MOMENTS/4IUxUAwJ/important-moments/2/IM_1_v1.json,
4tJXu8C7,2,IM_3,goal,goal:\bgoal\b,0.984,It is Nicola Pepe. A chance for his first Arsenal goal. And he takes it.,/home/eboccaletti/thesis_project/data/MOMENTS/4tJXu8C7/important-moments/2/IM_3.mp4,/home/eboccaletti/thesis_project/data/MOMENTS/4tJXu8C7/important-moments/2/IM_3_v1.json,
4tJXu8C7,2,IM_8,goal,goal:\bgoal\b,0.940,To the loose ball on a couple of occasions here. Tries to drive it across the goal. Tyrone Mings.,/home/eboccaletti/thesis_project/data/MOMENTS/4tJXu8C7/important-moments/2/IM_8.mp4,/home/eboccaletti/thesis_project/data/MOMENTS/4tJXu8C7/important-moments/2/IM_8_v1.json,
63fde7Re,1,IM_2,goal,goal:\bgoal\b,0.973,"Of course, Lorenzo Pellegrini. Another Roma youth player and Roman born. Here comes the young Turk, Under. Cuts back inside, decent delivery, back here! OOOOOOOOH! What a goal from Pastore! That is well clear!",/home/eboccaletti/thesis_project/data/MOMENTS/63fde7Re/important-moments/1/IM_2.mp4,/home/eboccaletti/thesis_project/data/MOMENTS/63fde7Re/important-moments/1/IM_2_v1.json,
63fde7Re,1,IM_8,goal,goal:\bback of the net\b,0.918,Now Cristante under. First time ball in. It was an intelligent ball. Dzeko didn't make the run. Zapata did. Zapata outpacing Manolas. Cuts back inside. Plays a wonderful ball in. And there is the second. Rigoni on his Italian debut finds the back of the net.,/home/eboccaletti/thesis_project/data/MOMENTS/63fde7Re/important-moments/1/IM_8.mp4,/home/eboccaletti/thesis_project/data/MOMENTS/63fde7Re/important-moments/1/IM_8_v1.json,
6LXKpLWN,1,IM_1,goal,goal:\bgoal\b,0.746,"Janic. There's the strength of Aleksandro again. He was won that by Rabiot, but it came the way of Ronaldo. Good footwork, good goal! Just like that, in the blink of an eye, Ronaldo shows his prowess. Lovely goal from him.",/home/eboccaletti/thesis_project/data/MOMENTS/6LXKpLWN/important-moments/1/IM_1.mp4,/home/eboccaletti/thesis_project/data/MOMENTS/6LXKpLWN/important-moments/1/IM_1_v1.json,
6LXKpLWN,1,IM_4,goal,"goal:\bgoal\b,\bscored\b",0.846,"Orsodini. Polly Atwai. So Mbaye stayed forward. So too Danilo. Here is the centre half with a shot. Oh, it's a stunner. Danilo has scored a Bologna. With a wonderful half-vobby. What a goal for them.",/home/eboccaletti/thesis_project/data/MOMENTS/6LXKpLWN/important-moments/1/IM_4.mp4,/home/eboccaletti/thesis_project/data/MOMENTS/6LXKpLWN/important-moments/1/IM_4_v1.json,
6ZIJp6HI,1,IM_7,goal,goal:\bscores?\b,0.707,"Oh, and they do score. An absolute beauty. And the wait is over for Sebastian Ali.",/home/eboccaletti/thesis_project/data/MOMENTS/6ZIJp6HI/important-moments/1/IM_7.mp4,/home/eboccaletti/thesis_project/data/MOMENTS/6ZIJp6HI/important-moments/1/IM_7_v1.json,
6ZIJp6HI,2,IM_3,goal,goal:\bscores?\b,0.905,The second score for the first time this season and surely completes the job today for West Ham United.,/home/eboccaletti/thesis_project/data/MOMENTS/6ZIJp6HI/important-moments/2/IM_3.mp4,/home/eboccaletti/thesis_project/data/MOMENTS/6ZIJp6HI/important-moments/2/IM_3_v1.json,
6qbIJsAD,2,IM_1,goal,goal:\bgoal\b,0.969,"So, Parma get us underway for the second half here. Goal is with Inter.",/home/eboccaletti/thesis_project/data/MOMENTS/6qbIJsAD/important-moments/2/IM_1.mp4,/home/eboccaletti/thesis_project/data/MOMENTS/6qbIJsAD/important-moments/2/IM_1_v1.json,
6uUbMpl6,2,IM_1,goal,goal:\bgoal\b,0.881,"It's not just Ramsey. Sarri has said that Dybala and Benedisky can do a job there as well. Ronaldo, good determination. He wants a goal. Still there for Cristiano Ronaldo and Kedira.",/home/eboccaletti/thesis_project/data/MOMENTS/6uUbMpl6/important-moments/2/IM_1.mp4,/home/eboccaletti/thesis_project/data/MOMENTS/6uUbMpl6/important-moments/2/IM_1_v1.json,
6uUbMpl6,2,IM_7,goal,goal:\bscored\b,0.963,"Pjanic having scored the first turn provider there, Ronaldo thumped it goalwards. And on another day Juventus might be...",/home/eboccaletti/thesis_project/data/MOMENTS/6uUbMpl6/important-moments/2/IM_7.mp4,/home/eboccaletti/thesis_project/data/MOMENTS/6uUbMpl6/important-moments/2/IM_7_v1.json,
6uUbMpl6,2,IM_9,goal,goal:\bgoal\b,0.829,Waits for support in the middle. It's towards Ronaldo. It's time he has his goal. He's had to wait a while. Who says Di Vala and Ronaldo?,/home/eboccaletti/thesis_project/data/MOMENTS/6uUbMpl6/important-moments/2/IM_9.mp4,/home/eboccaletti/thesis_project/data/MOMENTS/6uUbMpl6/important-moments/2/IM_9_v1.json,
6w99xiq5,2,IM_12,goal,goal:\bgoal\b,0.990,Is there a consolation goal from Lasagna trying to trick his way through? It's the end of a perfect week for Atalanta. They move into the Champions League spots.,/home/eboccaletti/thesis_project/data/MOMENTS/6w99xiq5/important-moments/2/IM_12.mp4,/home/eboccaletti/thesis_project/data/MOMENTS/6w99xiq5/important-moments/2/IM_12_v1.json,
6w99xiq5,2,IM_3,goal,goal:\bgoal\b,0.997,Concedes a throw in. Gomez turns away from his man as he got the finish. Musso saves it. Zapata rolls it across goal. Piccoli is just a couple of yards away from where he needs to be. Atalanta turning the screw. Alejandro Gomez beginning to pull the string.,/home/eboccaletti/thesis_project/data/MOMENTS/6w99xiq5/important-moments/2/IM_3.mp4,/home/eboccaletti/thesis_project/data/MOMENTS/6w99xiq5/important-moments/2/IM_3_v1.json,
6w99xiq5,2,IM_9,goal,"goal:\bgoal\b,\bscores?\b",0.978,Scores it! A goal to light up the night sky in Bergamo.,/home/eboccaletti/thesis_project/data/MOMENTS/6w99xiq5/important-moments/2/IM_9.mp4,/home/eboccaletti/thesis_project/data/MOMENTS/6w99xiq5/important-moments/2/IM_9_v1.json,
86u5kz2f,1,IM_4,goal,goal:\bgoal\b,0.822,But that owes so much to the determination of Musse to see off Jones in the first place. Well if every goal has been coming the warning signs...,/home/eboccaletti/thesis_project/data/MOMENTS/86u5kz2f/important-moments/1/IM_4.mp4,/home/eboccaletti/thesis_project/data/MOMENTS/86u5kz2f/important-moments/1/IM_4_v1.json,
86u5kz2f,2,IM_11,goal,goal:\bgoal\b,0.930,"It's a really good goal, clinical quality, incisive. And somehow...",/home/eboccaletti/thesis_project/data/MOMENTS/86u5kz2f/important-moments/2/IM_11.mp4,/home/eboccaletti/thesis_project/data/MOMENTS/86u5kz2f/important-moments/2/IM_11_v1.json,
86u5kz2f,2,IM_8,goal,goal:\bgoal\b,0.966,"Here is Williams, the unexpected scorer of the first goal that ignited things to the visitors. And it's James Rashford! What an incredible turnaround!",/home/eboccaletti/thesis_project/data/MOMENTS/86u5kz2f/important-moments/2/IM_8.mp4,/home/eboccaletti/thesis_project/data/MOMENTS/86u5kz2f/important-moments/2/IM_8_v1.json,
8GMb30I7,1,IM_6,goal,goal:\bgoal\b,0.830,"Into the last 60 seconds of the first half. Angolan with it. And the header towards goal is by Ferrago, acrobatically pushed away by Handanovic.",/home/eboccaletti/thesis_project/data/MOMENTS/8GMb30I7/important-moments/1/IM_6.mp4,/home/eboccaletti/thesis_project/data/MOMENTS/8GMb30I7/important-moments/1/IM_6_v1.json,
8GMb30I7,1,IM_7,goal,"goal:\bgoal\b,\bscored\b",1.000,"As we see again, the save here from Handanovic to push it away to safety and maintain Inter's lead. Cagliari felt that the goal that Inter scored should have been disallowed by VAR.",/home/eboccaletti/thesis_project/data/MOMENTS/8GMb30I7/important-moments/1/IM_7.mp4,/home/eboccaletti/thesis_project/data/MOMENTS/8GMb30I7/important-moments/1/IM_7_v1.json,
8GMb30I7,2,IM_1,goal,goal:\bgoal\b,0.912,With Young. Ferela on the overlap. Lukaku. Lukaku! Side netting. But allowed to turn there. He initially had his back to goal. Again you see defenders...,/home/eboccaletti/thesis_project/data/MOMENTS/8GMb30I7/important-moments/2/IM_1.mp4,/home/eboccaletti/thesis_project/data/MOMENTS/8GMb30I7/important-moments/2/IM_1_v1.json,
8GMb30I7,2,IM_4,goal,goal:\bgoal\b,0.804,"It's a chance out of absolutely nothing. Seems to just kind of fudge his way forward, didn't he? Ends up his left foot. Always striking across the ball, always drifting away from goal.",/home/eboccaletti/thesis_project/data/MOMENTS/8GMb30I7/important-moments/2/IM_4.mp4,/home/eboccaletti/thesis_project/data/MOMENTS/8GMb30I7/important-moments/2/IM_4_v1.json,
8GMb30I7,2,IM_6,goal,goal:\bgoal\b,0.993,"Ends up really testing the Inter goalkeeper. He's looking to put it into an area more than anything Pellegrini, but how is it towards Andanovic's goal?",/home/eboccaletti/thesis_project/data/MOMENTS/8GMb30I7/important-moments/2/IM_6.mp4,/home/eboccaletti/thesis_project/data/MOMENTS/8GMb30I7/important-moments/2/IM_6_v1.json,
8GMb30I7,2,IM_7,goal,goal:\bscores?\b,0.883,"Pedro. Castro leaves it. Nangeland with the shot. Oh, he's got a touch on the way through and in off the inside of the post. And the man on loan from Inter scores.",/home/eboccaletti/thesis_project/data/MOMENTS/8GMb30I7/important-moments/2/IM_7.mp4,/home/eboccaletti/thesis_project/data/MOMENTS/8GMb30I7/important-moments/2/IM_7_v1.json,
8S0QVm38,1,IM_10,goal,goal:\bgoal\b,0.916,"Brilliant goal, well deserved, it was well worked, they were patient Milan, they kept the ball alive. Juan Ventura doesn't panic, he plays a lovely little ball in behind. Rodriguez there.",/home/eboccaletti/thesis_project/data/MOMENTS/8S0QVm38/important-moments/1/IM_10.mp4,/home/eboccaletti/thesis_project/data/MOMENTS/8S0QVm38/important-moments/1/IM_10_v1.json,
8WIVxCXg,2,IM_5,goal,"goal:\bback of the net\b,\bputs? it (away|in)\b",0.962,"He won the foot race, great little bit of skill as he chops inside. Goalkeeper's in no man's land, drops the shoulder. Now he's just put it in the back of the net.",/home/eboccaletti/thesis_project/data/MOMENTS/8WIVxCXg/important-moments/2/IM_5.mp4,/home/eboccaletti/thesis_project/data/MOMENTS/8WIVxCXg/important-moments/2/IM_5_v1.json,
8WIVxCXg,2,IM_6,goal,goal:\bgoal\b,0.934,"Malinovsky goes short for Gomez. Free header! Should have been a goal. Big, big chance for Atalanta. Best chance.",/home/eboccaletti/thesis_project/data/MOMENTS/8WIVxCXg/important-moments/2/IM_6.mp4,/home/eboccaletti/thesis_project/data/MOMENTS/8WIVxCXg/important-moments/2/IM_6_v1.json,
8WIVxCXg,2,IM_7,goal,goal:\bscores?\b,0.795,"You do, you score. Giveaway there by Verity. Gomez, really well pulled down, and now it's Zapata! And there is the breakthrough! Atavante in front, and Duván Zapata...",/home/eboccaletti/thesis_project/data/MOMENTS/8WIVxCXg/important-moments/2/IM_7.mp4,/home/eboccaletti/thesis_project/data/MOMENTS/8WIVxCXg/important-moments/2/IM_7_v1.json,
ABcIbvu8,2,IM_7,goal,goal:\bscores?\b,0.896,"This is one huge, mighty kick for Southampton. It is James Ward-Prowse who's going to follow up and score after Leno saved. And Ward-Prowse gives Southampton the lead.",/home/eboccaletti/thesis_project/data/MOMENTS/ABcIbvu8/important-moments/2/IM_7.mp4,/home/eboccaletti/thesis_project/data/MOMENTS/ABcIbvu8/important-moments/2/IM_7_v1.json,
ABcIbvu8,2,IM_9,goal,goal:\bputs? it (away|in)\b,0.874,Arsenal so unconvincing. Fabien helps it on them. Martinelli now. Can they grab a late equaliser still? They can! It's Lacazette who has put it in.,/home/eboccaletti/thesis_project/data/MOMENTS/ABcIbvu8/important-moments/2/IM_9.mp4,/home/eboccaletti/thesis_project/data/MOMENTS/ABcIbvu8/important-moments/2/IM_9_v1.json,
AmNbkU2m,2,IM_1,goal,"goal:\bgoal\b,\bscores?\b",0.872,"It's Mindy again, seeing a lot of the ball. Everton in a better shape defensively. Gundogan to Jesus, lovely. And there's the goal, Bigfoot got something on it, not enough. Gabriel Jesus scores against Everton again, as he's done often in the past.",/home/eboccaletti/thesis_project/data/MOMENTS/AmNbkU2m/important-moments/2/IM_1.mp4,/home/eboccaletti/thesis_project/data/MOMENTS/AmNbkU2m/important-moments/2/IM_1_v1.json,
AmNbkU2m,2,IM_8,goal,goal:\bgoal\b,0.872,See the bay inside but again asked rather too much of Theo Walcott. Oh look at this. All the confidence to keep it and then he gives it away. Gives it straight away. Keane. Walcott. Across the face of goal and they do have a goal. With Charleston arriving. And Everton get a goal back.,/home/eboccaletti/thesis_project/data/MOMENTS/AmNbkU2m/important-moments/2/IM_8.mp4,/home/eboccaletti/thesis_project/data/MOMENTS/AmNbkU2m/important-moments/2/IM_8_v1.json,
CWsmcDnK,1,IM_14,goal,"goal:\bgoal\b,\bscores?\b",0.842,Sarkov left. A flick by Guillaume and that's 2-0. And it's Ruben Semedo who scores his fifth goal of the season. And inside 19 minutes Tottenham Hotspur find themselves 2-0 down.,/home/eboccaletti/thesis_project/data/MOMENTS/CWsmcDnK/important-moments/1/IM_14.mp4,/home/eboccaletti/thesis_project/data/MOMENTS/CWsmcDnK/important-moments/1/IM_14_v1.json,
CWsmcDnK,1,IM_21,goal,goal:\bscores?\b,0.820,"Sometimes he's picking up the man, sometimes he's marking the space where he knows the ball's going to be. It's Aurier with the cross, oh he's missed it! Well the man repraising Mariah makes a total net of the clearance and Dele Alli scores. Well what a big moment that could be on the stroke of half-time for Tottenham Hotspur.",/home/eboccaletti/thesis_project/data/MOMENTS/CWsmcDnK/important-moments/1/IM_21.mp4,/home/eboccaletti/thesis_project/data/MOMENTS/CWsmcDnK/important-moments/1/IM_21_v1.json,
CWsmcDnK,1,IM_2,goal,goal:\bgoal\b,1.000,"It's a good strike, there's not much else that Gazzaniga can do with it. Took a little bit of a deflection, so he just had to try and get it away from goal.",/home/eboccaletti/thesis_project/data/MOMENTS/CWsmcDnK/important-moments/1/IM_2.mp4,/home/eboccaletti/thesis_project/data/MOMENTS/CWsmcDnK/important-moments/1/IM_2_v1.json,
CWsmcDnK,1,IM_3,goal,goal:\bgoal\b,0.961,"It's not quite happened so far, obviously in the first five minutes of this game, because in fairness to Olympiacos they've been the better side. Here's a chance for El Arabi to hit one all, he has hit it well hasn't he? It's an early goal for Olympiacos to put the cat amongst the pigeons in North London tonight. Couldn't have struck that any better.",/home/eboccaletti/thesis_project/data/MOMENTS/CWsmcDnK/important-moments/1/IM_3.mp4,/home/eboccaletti/thesis_project/data/MOMENTS/CWsmcDnK/important-moments/1/IM_3_v1.json,
CWsmcDnK,1,IM_4,goal,goal:\bgoal\b,0.950,It's his eighth goal of the season and Olympiacos go ahead on Jose Mourinho's big Champions League return.,/home/eboccaletti/thesis_project/data/MOMENTS/CWsmcDnK/important-moments/1/IM_4.mp4,/home/eboccaletti/thesis_project/data/MOMENTS/CWsmcDnK/important-moments/1/IM_4_v1.json,
CWsmcDnK,1,IM_8,goal,goal:\bgoal\b,0.986,This team could really have started any better. It's Yusuf El Arabi's eighth goal of the season.,/home/eboccaletti/thesis_project/data/MOMENTS/CWsmcDnK/important-moments/1/IM_8.mp4,/home/eboccaletti/thesis_project/data/MOMENTS/CWsmcDnK/important-moments/1/IM_8_v1.json,
CWsmcDnK,2,IM_25,goal,goal:\bgoal\b,0.992,"And he's hit the 20 goal mark, he's now got 13 this season as well and he's way past 20 if you tally up the club and country goals.",/home/eboccaletti/thesis_project/data/MOMENTS/CWsmcDnK/important-moments/2/IM_25.mp4,/home/eboccaletti/thesis_project/data/MOMENTS/CWsmcDnK/important-moments/2/IM_25_v1.json,
CWsmcDnK,2,IM_3,goal,"goal:\bback of the net\b,\bit's in\b",0.988,I think he just moved it in off. Whoops it in with pace. Right onto the head of Davinson Sanchez who heads it over. I think it was off his shoulder. Because if it's off his head it's in the back of the net.,/home/eboccaletti/thesis_project/data/MOMENTS/CWsmcDnK/important-moments/2/IM_3.mp4,/home/eboccaletti/thesis_project/data/MOMENTS/CWsmcDnK/important-moments/2/IM_3_v1.json,
CWsmcDnK,2,IM_6,goal,goal:\bgoal\b,0.879,"It was another big, big chance for a defender. Another excellent set-piece, wasn't it? Excellent delivery again by Masoras. Lucas Moura following the quick throw. Lucas Moura pulls it back! And Harry Kane delivers! How often does the captain step up when Tordham meet him? Tordham 2, Olympiacos 2. It's another goal in the Champions League for Harry Kane.",/home/eboccaletti/thesis_project/data/MOMENTS/CWsmcDnK/important-moments/2/IM_6.mp4,/home/eboccaletti/thesis_project/data/MOMENTS/CWsmcDnK/important-moments/2/IM_6_v1.json,
E5X6KOII,1,IM_1,goal,goal:\bgoal\b,0.902,"A couple of years, but he could be a good signing for Lecce as the season progresses. Here's Kluivert for Roma with Florenzi overlapping. Kluivert. Kolarov! Well, Gabriel got behind it, got two hands on it, but that's why Alexander Kolarov has been such a goal threat for Roma this season already. A little deflection as well.",/home/eboccaletti/thesis_project/data/MOMENTS/E5X6KOII/important-moments/1/IM_1.mp4,/home/eboccaletti/thesis_project/data/MOMENTS/E5X6KOII/important-moments/1/IM_1_v1.json,
E5X6KOII,1,IM_2,goal,goal:\bgoal\b,0.932,There's been such a goal threat for Roma this season already. A little deflection as well. Keeper does... A little better than I thought at first. I thought...,/home/eboccaletti/thesis_project/data/MOMENTS/E5X6KOII/important-moments/1/IM_2.mp4,/home/eboccaletti/thesis_project/data/MOMENTS/E5X6KOII/important-moments/1/IM_2_v1.json,
E5X6KOII,2,IM_2,goal,goal:\bscores?\b,0.962,"I'm sorry, you've got a score from here. Slips it through, gets a little bit lucky there. First touch, well, just drags it wide. How can you drag that wide?",/home/eboccaletti/thesis_project/data/MOMENTS/E5X6KOII/important-moments/2/IM_2.mp4,/home/eboccaletti/thesis_project/data/MOMENTS/E5X6KOII/important-moments/2/IM_2_v1.json,
E5X6KOII,2,IM_4,goal,goal:\bback of the net\b,0.807,"With the Roma corner headed out by Babacar. Clivert has run it back here. Clivert, Mkhitaryan, clipped in dangerously and into the back of the net from Edin Dzeko.",/home/eboccaletti/thesis_project/data/MOMENTS/E5X6KOII/important-moments/2/IM_4.mp4,/home/eboccaletti/thesis_project/data/MOMENTS/E5X6KOII/important-moments/2/IM_4_v1.json,
EPk1kLq4,1,IM_10,goal,goal:\bgoal\b,0.688,"Everton's number one. Only similar to the first Wolves goal, it flashes across. Fortunate deflection just lands at the feet of Wolves.",/home/eboccaletti/thesis_project/data/MOMENTS/EPk1kLq4/important-moments/1/IM_10.mp4,/home/eboccaletti/thesis_project/data/MOMENTS/EPk1kLq4/important-moments/1/IM_10_v1.json,
EPk1kLq4,1,IM_6,goal,goal:\bgoal\b,0.891,"There's Richarlison. The offside flag against Sigurdsson. There's a cross, there's Uwevi! There's an Everton goal! Alex Uwevi to open his Premier League account.",/home/eboccaletti/thesis_project/data/MOMENTS/EPk1kLq4/important-moments/1/IM_6.mp4,/home/eboccaletti/thesis_project/data/MOMENTS/EPk1kLq4/important-moments/1/IM_6_v1.json,
EPk1kLq4,1,IM_8,goal,goal:\bgoal\b,0.711,"The Wolves, King McGannley first to get his head to it. Traore, Neves, Jimenez, tied across the base of goal. Pick for them with a save there to Dneit Katronik, a goal on his Premier League.",/home/eboccaletti/thesis_project/data/MOMENTS/EPk1kLq4/important-moments/1/IM_8.mp4,/home/eboccaletti/thesis_project/data/MOMENTS/EPk1kLq4/important-moments/1/IM_8_v1.json,
EPk1kLq4,1,IM_9,goal,goal:\bgoal\b,0.559,"Tonight, Kittronik, a goal on his Premier League debut.",/home/eboccaletti/thesis_project/data/MOMENTS/EPk1kLq4/important-moments/1/IM_9.mp4,/home/eboccaletti/thesis_project/data/MOMENTS/EPk1kLq4/important-moments/1/IM_9_v1.json,
G6H5dOXR,2,IM_1,goal,goal:\bgoal\b,0.971,"Yeah. Westwood to Jay Rodriguez, who then gets it back again from Chris. What a goal! What a goal from Jay Rodriguez!",/home/eboccaletti/thesis_project/data/MOMENTS/G6H5dOXR/important-moments/2/IM_1.mp4,/home/eboccaletti/thesis_project/data/MOMENTS/G6H5dOXR/important-moments/2/IM_1_v1.json,
G6wyC3XE,1,IM_3,goal,"goal:\bgoal\b,\bit's in\b",0.745,Here's Henderson. Molino finds Alexander-Arnold. It's in to Sadio Mane who's on the turn. Patricio scrambling across his goal.,/home/eboccaletti/thesis_project/data/MOMENTS/G6wyC3XE/important-moments/1/IM_3.mp4,/home/eboccaletti/thesis_project/data/MOMENTS/G6wyC3XE/important-moments/1/IM_3_v1.json,
G6wyC3XE,1,IM_8,goal,goal:\bgoal\b,0.996,"Well Wolves are going to be fuming about this, the goal has been disallowed. They are incandescent there.",/home/eboccaletti/thesis_project/data/MOMENTS/G6wyC3XE/important-moments/1/IM_8.mp4,/home/eboccaletti/thesis_project/data/MOMENTS/G6wyC3XE/important-moments/1/IM_8_v1.json,
GEF9XGeE,1,IM_4,goal,goal:\bgoal\b,0.609,In up! That's a sensational goal!,/home/eboccaletti/thesis_project/data/MOMENTS/GEF9XGeE/important-moments/1/IM_4.mp4,/home/eboccaletti/thesis_project/data/MOMENTS/GEF9XGeE/important-moments/1/IM_4_v1.json,
GEF9XGeE,1,IM_5,goal,goal:\bgoal\b,0.978,"Credit to Verona though, they kept the pressure up. Certainly living a charmed life, wasn't it? The home goal.",/home/eboccaletti/thesis_project/data/MOMENTS/GEF9XGeE/important-moments/1/IM_5.mp4,/home/eboccaletti/thesis_project/data/MOMENTS/GEF9XGeE/important-moments/1/IM_5_v1.json,
GEF9XGeE,1,IM_7,goal,"goal:\bgoal\b,\bscores?\b",0.949,"Referee, Ronaldo, Ramsey, debut goal! That's what it feels like to score your first goal for Juventus in Turin.",/home/eboccaletti/thesis_project/data/MOMENTS/GEF9XGeE/important-moments/1/IM_7.mp4,/home/eboccaletti/thesis_project/data/MOMENTS/GEF9XGeE/important-moments/1/IM_7_v1.json,
GEF9XGeE,2,IM_2,goal,goal:\bgoal\b,1.000,One goal in Serie A so far against Napoli. Ronaldo makes it 2-1. And the best in the land reassert themselves on the team that dared to dream.,/home/eboccaletti/thesis_project/data/MOMENTS/GEF9XGeE/important-moments/2/IM_2.mp4,/home/eboccaletti/thesis_project/data/MOMENTS/GEF9XGeE/important-moments/2/IM_2_v1.json,
GEF9XGeE,2,IM_5,goal,goal:\bgoal\b,0.817,"I've seen it, they've got the winning goal against Lecce and Verona's only winner of the campaign so far. 22 minutes left. Miguel Veloso, Verona's captain with a wet ball that Buffon struggles with. Dicarbonate blasts it. Could have gone anywhere.",/home/eboccaletti/thesis_project/data/MOMENTS/GEF9XGeE/important-moments/2/IM_5.mp4,/home/eboccaletti/thesis_project/data/MOMENTS/GEF9XGeE/important-moments/2/IM_5_v1.json,
GEF9XGeE,2,IM_6,goal,goal:\bgoal\b,0.905,"Good rather to get the ball but this is the stunning ball into such a dangerous area, just drops in front of Gigi Buffon doesn't it? The nearest touch would take that goal, would. I think it hits Bonucci on the backside doesn't it? Some wonderful inadvertent defending by the Juve skipper.",/home/eboccaletti/thesis_project/data/MOMENTS/GEF9XGeE/important-moments/2/IM_6.mp4,/home/eboccaletti/thesis_project/data/MOMENTS/GEF9XGeE/important-moments/2/IM_6_v1.json,
ILEx2IrB,1,IM_9,goal,goal:\binto the net\b,0.953,"It's led to their first corner. Savic using his height to get it away, decent effort back in from Albiol and put into the net for 1-1.",/home/eboccaletti/thesis_project/data/MOMENTS/ILEx2IrB/important-moments/1/IM_9.mp4,/home/eboccaletti/thesis_project/data/MOMENTS/ILEx2IrB/important-moments/1/IM_9_v1.json,
ILEx2IrB,2,IM_6,goal,goal:\bputs? it (away|in)\b,0.807,"Talan, you watch his leg just stick out here when it comes in there, just puts it in the area, look at that for composure. That goes like a flash into that top corner.",/home/eboccaletti/thesis_project/data/MOMENTS/ILEx2IrB/important-moments/2/IM_6.mp4,/home/eboccaletti/thesis_project/data/MOMENTS/ILEx2IrB/important-moments/2/IM_6_v1.json,
IcCSkl6F,2,IM_11,goal,goal:\bgoal\b,0.998,"Dips into the corner of the net. Great technique, seen it so many times from Insigne. And he does it again. It's set to be a big goal scoring season for Lorenzo Insigne.",/home/eboccaletti/thesis_project/data/MOMENTS/IcCSkl6F/important-moments/2/IM_11.mp4,/home/eboccaletti/thesis_project/data/MOMENTS/IcCSkl6F/important-moments/2/IM_11_v1.json,
IcCSkl6F,2,IM_5,goal,goal:\bgoal\b,0.966,He also spots the keeper just off his line. He can't execute the chip because that would have been a fantastic goal if it went in.,/home/eboccaletti/thesis_project/data/MOMENTS/IcCSkl6F/important-moments/2/IM_5.mp4,/home/eboccaletti/thesis_project/data/MOMENTS/IcCSkl6F/important-moments/2/IM_5_v1.json,
IqixussJ,1,IM_5,goal,goal:\bgoal\b,0.767,"They're passing with a crispness and an accuracy. Khadira waits for support, Khadira! Wouldn't that have been a peach of a goal?",/home/eboccaletti/thesis_project/data/MOMENTS/IqixussJ/important-moments/1/IM_5.mp4,/home/eboccaletti/thesis_project/data/MOMENTS/IqixussJ/important-moments/1/IM_5_v1.json,
IqixussJ,2,IM_4,goal,goal:\bgoal\b,0.872,"And gets his first goal in a Napoli shirt. It's going to be a tight one, I think. Marie-Jeanne was the player that was just keeping him on side.",/home/eboccaletti/thesis_project/data/MOMENTS/IqixussJ/important-moments/2/IM_4.mp4,/home/eboccaletti/thesis_project/data/MOMENTS/IqixussJ/important-moments/2/IM_4_v1.json,
IwW928Oa,1,IM_9,goal,goal:\bgoal\b,0.949,"Walter who tells us unequivocally that of course City should have carried on, of course the referee should have carried on and the goal is absolutely valid.",/home/eboccaletti/thesis_project/data/MOMENTS/IwW928Oa/important-moments/1/IM_9.mp4,/home/eboccaletti/thesis_project/data/MOMENTS/IwW928Oa/important-moments/1/IM_9_v1.json,
IwW928Oa,2,IM_10,goal,goal:\binto the net\b,0.945,"Right leg out, bottom of the studs, nudges it into the net.",/home/eboccaletti/thesis_project/data/MOMENTS/IwW928Oa/important-moments/2/IM_10.mp4,/home/eboccaletti/thesis_project/data/MOMENTS/IwW928Oa/important-moments/2/IM_10_v1.json,
IwW928Oa,2,IM_12,goal,"goal:\bgoal\b,\bscored\b",0.976,"It's going to get called something, it might as well be Beckenbauer, mightn't it? Bernardo Silva. Cancelo for Gundogan, Bernardo Silva, Foden! Champions League goal for the boy. Another one. He scored against Zagreb at home.",/home/eboccaletti/thesis_project/data/MOMENTS/IwW928Oa/important-moments/2/IM_12.mp4,/home/eboccaletti/thesis_project/data/MOMENTS/IwW928Oa/important-moments/2/IM_12_v1.json,
IwW928Oa,2,IM_14,goal,goal:\bback of the net\b,0.751,"Folden's quicker, sharper in that area. Just delays his run, pulls off the defender, slides it into the back of the net.",/home/eboccaletti/thesis_project/data/MOMENTS/IwW928Oa/important-moments/2/IM_14.mp4,/home/eboccaletti/thesis_project/data/MOMENTS/IwW928Oa/important-moments/2/IM_14_v1.json,
IwW928Oa,2,IM_15,goal,goal:\bback of the net\b,0.996,"Slides it into the back of the net. City cruising, one of their easiest and best away performances.",/home/eboccaletti/thesis_project/data/MOMENTS/IwW928Oa/important-moments/2/IM_15.mp4,/home/eboccaletti/thesis_project/data/MOMENTS/IwW928Oa/important-moments/2/IM_15_v1.json,
IwW928Oa,2,IM_1,goal,"goal:\bgoal\b,\bscored\b",0.692,"He's hobbled away from that challenge. And there's silver. Jesus, Mendy. Jesus, Foden. Gabriel Jesus again for Manchester City. He's made it. He's scored a super goal. He's given Manchester City a lead away from home in the Champions League. And he has flattened this place. Yeah, they have. Rightly so as well. Because Dina...",/home/eboccaletti/thesis_project/data/MOMENTS/IwW928Oa/important-moments/2/IM_1.mp4,/home/eboccaletti/thesis_project/data/MOMENTS/IwW928Oa/important-moments/2/IM_1_v1.json,
KCD7fMt6,1,IM_3,goal,goal:\bscores?\b,0.847,"Quickly on that flank but certainly Fiorentina on the break, dangerous. Chiesa. Ribéry. Lerola. Ribéry. Little chips through, Delbert! Has to score.",/home/eboccaletti/thesis_project/data/MOMENTS/KCD7fMt6/important-moments/1/IM_3.mp4,/home/eboccaletti/thesis_project/data/MOMENTS/KCD7fMt6/important-moments/1/IM_3_v1.json,
KIMzryr9,1,IM_2,goal,goal:\bgoes in\b,0.962,"It's a straight ball over the top. Watch his run here. Holds his line and then goes in behind. And I think he's going to be just offside, I think, when this goes to VAR. He's finished it really well.",/home/eboccaletti/thesis_project/data/MOMENTS/KIMzryr9/important-moments/1/IM_2.mp4,/home/eboccaletti/thesis_project/data/MOMENTS/KIMzryr9/important-moments/1/IM_2_v1.json,
KIMzryr9,1,IM_4,goal,goal:\bgoal\b,0.838,"Oh, it's a goal? Goal given. Well, from our angle it looked like it was just offside but it's been given.",/home/eboccaletti/thesis_project/data/MOMENTS/KIMzryr9/important-moments/1/IM_4.mp4,/home/eboccaletti/thesis_project/data/MOMENTS/KIMzryr9/important-moments/1/IM_4_v1.json,
KIMzryr9,1,IM_5,goal,goal:\bputs? it (away|in)\b,0.856,"Here's to Laney. I don't understand there, Jonathan. You get a free kick. It's about 30 seconds to go. Why not just push players up and put it in the 18-yard box and fight for it? Grant. Here's the pace of Sancho. And the shot was only parry, but Schultz couldn't get in there quicker than that. Pressure still on. Good save from Handanovic, though. Really good play from Sancho.",/home/eboccaletti/thesis_project/data/MOMENTS/KIMzryr9/important-moments/1/IM_5.mp4,/home/eboccaletti/thesis_project/data/MOMENTS/KIMzryr9/important-moments/1/IM_5_v1.json,
KIMzryr9,2,IM_4,goal,goal:\bscores?\b,0.973,It's not saying much but if he scores this it will speak volumes about Inter's opportunities in this competition.,/home/eboccaletti/thesis_project/data/MOMENTS/KIMzryr9/important-moments/2/IM_4.mp4,/home/eboccaletti/thesis_project/data/MOMENTS/KIMzryr9/important-moments/2/IM_4_v1.json,
KMdvNjmo,1,IM_6,goal,goal:\bgoal\b,0.787,"A couple of options there. Ajax smothered by the yellow shirts of Apuel Nicosia, the underdogs. Three minutes to go, bent in deliciously. 1-0, Edson Ramirez breaks the deadlock. In his first half for Ajax, he gets his first goal. Well, again, the delivery...",/home/eboccaletti/thesis_project/data/MOMENTS/KMdvNjmo/important-moments/1/IM_6.mp4,/home/eboccaletti/thesis_project/data/MOMENTS/KMdvNjmo/important-moments/1/IM_6_v1.json,
KMdvNjmo,1,IM_7,goal,"goal:\bgoal\b,\bback of the net\b",0.908,"And definitely onside. And nobody, three of them could have headed that in the back of the net. And that's not like them. They've switched off for the first time in this first half. Look, three red and white shirts in front of them. Onside, all three. But poor defending. And we've not said that about FOL much in the first half whatsoever. His first goal since February 2017. Five in five years.",/home/eboccaletti/thesis_project/data/MOMENTS/KMdvNjmo/important-moments/1/IM_7.mp4,/home/eboccaletti/thesis_project/data/MOMENTS/KMdvNjmo/important-moments/1/IM_7_v1.json,
KMdvNjmo,2,IM_11,goal,goal:\bgoal\b,0.980,"You're right, you look closely at the pitch, there's divots everywhere. And there's the goal again, you don't feel bad seeing that again and again.",/home/eboccaletti/thesis_project/data/MOMENTS/KMdvNjmo/important-moments/2/IM_11.mp4,/home/eboccaletti/thesis_project/data/MOMENTS/KMdvNjmo/important-moments/2/IM_11_v1.json,
KMdvNjmo,2,IM_6,goal,goal:\bgoal\b,0.778,"Well, it stirred them up on name level and it's well counted. Offside against Pavlovich. No need for VA up. Oh, similar to the highest goal in the first half, wasn't it?",/home/eboccaletti/thesis_project/data/MOMENTS/KMdvNjmo/important-moments/2/IM_6.mp4,/home/eboccaletti/thesis_project/data/MOMENTS/KMdvNjmo/important-moments/2/IM_6_v1.json,
KOsjkUSA,1,IM_3,goal,goal:\bgoal\b,0.885,". For many people, Sirigu is still the best goalkeeper in the country. Change here, and a goal! It's Lukic for Torino! A horrendous mistake by Juventus. And Lukic...",/home/eboccaletti/thesis_project/data/MOMENTS/KOsjkUSA/important-moments/1/IM_3.mp4,/home/eboccaletti/thesis_project/data/MOMENTS/KOsjkUSA/important-moments/1/IM_3_v1.json,
KvKpGOqN,2,IM_2,goal,goal:\bgoal\b,0.771,What a leader. Nainggolan is on the pitch. Produces the goals to lift his team when they need it. There's 20 minutes remaining. But Quagliarella! Seconds later. Gives Sam the two-goal advantage.,/home/eboccaletti/thesis_project/data/MOMENTS/KvKpGOqN/important-moments/2/IM_2.mp4,/home/eboccaletti/thesis_project/data/MOMENTS/KvKpGOqN/important-moments/2/IM_2_v1.json,
MV4UU7IE,1,IM_2,goal,"goal:\bgoal\b,\bscores?\b",0.904,He has consistently said that there's no difference between the subs and the starting eleven such is the strength of his team this season. It's one for Mandzukic to maybe get to Mario Mandzukic inside two minutes. Well it might just be the easiest goal that he'll score all season.,/home/eboccaletti/thesis_project/data/MOMENTS/MV4UU7IE/important-moments/1/IM_2.mp4,/home/eboccaletti/thesis_project/data/MOMENTS/MV4UU7IE/important-moments/1/IM_2_v1.json,
MV4UU7IE,1,IM_3,goal,goal:\bgoal\b,1.000,And the defending champions off to the perfect start here in Parma. There's a lot of good fortune in this goal for Mandzukic.,/home/eboccaletti/thesis_project/data/MOMENTS/MV4UU7IE/important-moments/1/IM_3.mp4,/home/eboccaletti/thesis_project/data/MOMENTS/MV4UU7IE/important-moments/1/IM_3_v1.json,
MV4UU7IE,1,IM_6,goal,goal:\bscored\b,0.918,Well he hasn't scored for his new club yet but he won't get much closer without doing so.,/home/eboccaletti/thesis_project/data/MOMENTS/MV4UU7IE/important-moments/1/IM_6.mp4,/home/eboccaletti/thesis_project/data/MOMENTS/MV4UU7IE/important-moments/1/IM_6_v1.json,
MV4UU7IE,2,IM_5,goal,goal:\bgoal\b,0.935,He's on his hands. Sandro again. Matuidi. Mandzukic to Matuidi! A brilliant goal from Blaise Matuidi. And Juventus are back ahead. It's a brilliantly worked goal from Juventus down this left.,/home/eboccaletti/thesis_project/data/MOMENTS/MV4UU7IE/important-moments/2/IM_5.mp4,/home/eboccaletti/thesis_project/data/MOMENTS/MV4UU7IE/important-moments/2/IM_5_v1.json,
MaKn62Yl,1,IM_1,goal,goal:\bgoal\b,0.689,Just collides with Lazani. He has to be sure that he can make clean contact to commit himself in that position. Leaves a wide open goal and the defenders can't get back in time.,/home/eboccaletti/thesis_project/data/MOMENTS/MaKn62Yl/important-moments/1/IM_1.mp4,/home/eboccaletti/thesis_project/data/MOMENTS/MaKn62Yl/important-moments/1/IM_1_v1.json,
MaKn62Yl,2,IM_4,goal,goal:\bgoal\b,0.948,Nothing to separate them right now. 1-1. Ten minutes gone in the second half. Mandragora. Nicely done. Mandragora! What a save again by Donnarumma. Well he might have made a mistake in the first half for the goal.,/home/eboccaletti/thesis_project/data/MOMENTS/MaKn62Yl/important-moments/2/IM_4.mp4,/home/eboccaletti/thesis_project/data/MOMENTS/MaKn62Yl/important-moments/2/IM_4_v1.json,
MaKn62Yl,2,IM_6,goal,goal:\bgoal\b,1.000,This might be goal of the season contender. The clearance and then the volley.,/home/eboccaletti/thesis_project/data/MOMENTS/MaKn62Yl/important-moments/2/IM_6.mp4,/home/eboccaletti/thesis_project/data/MOMENTS/MaKn62Yl/important-moments/2/IM_6_v1.json,
OW4kbPoI,1,IM_6,goal,goal:\bscores?\b,0.969,And the resistance is broken. Liverpool score again. And this is their first in this stadium. And they've had to work hard together.,/home/eboccaletti/thesis_project/data/MOMENTS/OW4kbPoI/important-moments/1/IM_6.mp4,/home/eboccaletti/thesis_project/data/MOMENTS/OW4kbPoI/important-moments/1/IM_6_v1.json,
OW4kbPoI,2,IM_6,goal,goal:\bgoes in\b,0.777,"Well, this was better from Spurs. The ball from Aurier is wonderful, really is. You can't defend that. Alisson's no chance. And they're in the hands of LaSalle, so his contact is very good. Too good, really. It slices off him, it goes in. Well, they've stayed in the game.",/home/eboccaletti/thesis_project/data/MOMENTS/OW4kbPoI/important-moments/2/IM_6.mp4,/home/eboccaletti/thesis_project/data/MOMENTS/OW4kbPoI/important-moments/2/IM_6_v1.json,
ObsVrY4o,1,IM_4,goal,goal:\bgoal\b,0.878,"Loads of movement, very, very mobile. Mame's driving with the ball. This is the chance again, you see. Perrin's positioning goal. It was a stunning save because it was well hit that from Sanabria. Very good contact on the shot.",/home/eboccaletti/thesis_project/data/MOMENTS/ObsVrY4o/important-moments/1/IM_4.mp4,/home/eboccaletti/thesis_project/data/MOMENTS/ObsVrY4o/important-moments/1/IM_4_v1.json,
ObsVrY4o,2,IM_3,goal,goal:\bgoal\b,0.871,"It's come off former Juventus man in Kyrishito. The referee here. Well, there's been a VAR consultation and the goal has been ruled out. Well, celebrated like a goal by the Genoa supporters, understandably.",/home/eboccaletti/thesis_project/data/MOMENTS/ObsVrY4o/important-moments/2/IM_3.mp4,/home/eboccaletti/thesis_project/data/MOMENTS/ObsVrY4o/important-moments/2/IM_3_v1.json,
OtQpc975,1,IM_5,goal,goal:\bgoal\b,0.619,"Jim City was there, couldn't deflect his header towards goal.",/home/eboccaletti/thesis_project/data/MOMENTS/OtQpc975/important-moments/1/IM_5.mp4,/home/eboccaletti/thesis_project/data/MOMENTS/OtQpc975/important-moments/1/IM_5_v1.json,
OtQpc975,2,IM_1,goal,goal:\bscores?\b,0.817,With something from this match. We're away for the second half. Cagliari kicking off. Nil-nil is the halftime score.,/home/eboccaletti/thesis_project/data/MOMENTS/OtQpc975/important-moments/2/IM_1.mp4,/home/eboccaletti/thesis_project/data/MOMENTS/OtQpc975/important-moments/2/IM_1_v1.json,
OtQpc975,2,IM_3,goal,goal:\bscores?\b,0.666,"Castagne given too much room, his cross was deflected. And Hataba completing a fine performance by getting his name on the score sheet.",/home/eboccaletti/thesis_project/data/MOMENTS/OtQpc975/important-moments/2/IM_3.mp4,/home/eboccaletti/thesis_project/data/MOMENTS/OtQpc975/important-moments/2/IM_3_v1.json,
OtQpc975,2,IM_4,goal,goal:\bscores?\b,0.689,And Hataba completing a fine performance by getting his name on the score sheet. It came off Paduin there who is not without fault.,/home/eboccaletti/thesis_project/data/MOMENTS/OtQpc975/important-moments/2/IM_4.mp4,/home/eboccaletti/thesis_project/data/MOMENTS/OtQpc975/important-moments/2/IM_4_v1.json,
OtQpc975,2,IM_5,goal,"goal:\bgoal\b,\bscores?\b",0.696,"Fröhler on halfway, waits for the run of Zapata. Here is the Colombian in the area, plays it back to Castagne. Castagne can shoot from here, but it was too tight an angle. And the defense was there as Alpedro with some scores here. Gets away from Jim City. And another player, Deron it was, who ate. And then the cross at the near post, Bravoletti failing to tap it in. Brilliant play from Cagliari, almost immediately responding to the Atalanta goal with their two forwards.",/home/eboccaletti/thesis_project/data/MOMENTS/OtQpc975/important-moments/2/IM_5.mp4,/home/eboccaletti/thesis_project/data/MOMENTS/OtQpc975/important-moments/2/IM_5_v1.json,
Ov5idmCk,2,IM_2,goal,"goal:\bgoal\b,\bscored\b",1.000,Filling away there was Suso and it's Calabria! Scored a massive goal at Roma last season.,/home/eboccaletti/thesis_project/data/MOMENTS/Ov5idmCk/important-moments/2/IM_2.mp4,/home/eboccaletti/thesis_project/data/MOMENTS/Ov5idmCk/important-moments/2/IM_2_v1.json,
Ov5idmCk,2,IM_5,goal,goal:\bgoal\b,0.825,"Oh, they're right back in it. Zielinski with the goal. Cajajan teed him up. Napoli are on the comeback trail.",/home/eboccaletti/thesis_project/data/MOMENTS/Ov5idmCk/important-moments/2/IM_5.mp4,/home/eboccaletti/thesis_project/data/MOMENTS/Ov5idmCk/important-moments/2/IM_5_v1.json,
OziK3ff0,1,IM_10,goal,"goal:\bgoal\b,\bscores?\b",0.919,"In a more of a cheeky way to claim the goal. In step, leaving Drakowski without a hope. He said he wanted to score a goal.",/home/eboccaletti/thesis_project/data/MOMENTS/OziK3ff0/important-moments/1/IM_10.mp4,/home/eboccaletti/thesis_project/data/MOMENTS/OziK3ff0/important-moments/1/IM_10_v1.json,
OziK3ff0,1,IM_11,goal,"goal:\bgoal\b,\bscores?\b",0.992,Leaving Drakowski without a hope. Said he wanted to score a goal.,/home/eboccaletti/thesis_project/data/MOMENTS/OziK3ff0/important-moments/1/IM_11.mp4,/home/eboccaletti/thesis_project/data/MOMENTS/OziK3ff0/important-moments/1/IM_11_v1.json,
OziK3ff0,1,IM_1,goal,goal:\bgoal\b,0.844,"It seems it's going to be able to be sustained. This is Cigarini now, looking for the options. A lot of space, but Nyangolam works it through. Oh, yes! Oh, what a goal! Cagliari ripped Fiorentina open. And that is Champions League quality football.",/home/eboccaletti/thesis_project/data/MOMENTS/OziK3ff0/important-moments/1/IM_1.mp4,/home/eboccaletti/thesis_project/data/MOMENTS/OziK3ff0/important-moments/1/IM_1_v1.json,
OziK3ff0,1,IM_6,goal,goal:\bgoal\b,0.913,"Despite winning last season's encounter, here he comes. Three header, it's gone in and there is the second goal.",/home/eboccaletti/thesis_project/data/MOMENTS/OziK3ff0/important-moments/1/IM_6.mp4,/home/eboccaletti/thesis_project/data/MOMENTS/OziK3ff0/important-moments/1/IM_6_v1.json,
OziK3ff0,1,IM_7,goal,goal:\bgoal\b,0.805,"In the division. Vizakane with his first goal of the season is fourth for the club. Too easy, completely unmarked. And Vlaovic just stood and watched.",/home/eboccaletti/thesis_project/data/MOMENTS/OziK3ff0/important-moments/1/IM_7.mp4,/home/eboccaletti/thesis_project/data/MOMENTS/OziK3ff0/important-moments/1/IM_7_v1.json,
OziK3ff0,1,IM_8,goal,goal:\bit's in\b,0.936,"Not so much that ball forward as Serogh again with the energy, Pedro to his left, he works it out. Yangolan, is he going to be another distant special? Solid save, Drakowski, but it's in! And Simeone, who refuses to celebrate against his former side, caps a brilliant first-half performance.",/home/eboccaletti/thesis_project/data/MOMENTS/OziK3ff0/important-moments/1/IM_8.mp4,/home/eboccaletti/thesis_project/data/MOMENTS/OziK3ff0/important-moments/1/IM_8_v1.json,
OziK3ff0,2,IM_4,goal,goal:\bgoal\b,0.970,Daubert was just drawn forward for a moment but the accuracy of Cagliari sent him back. On that occasion Cacciatore unable to find a teammate but the touch in Pulgar. Nainggolan will have another goal and maybe the best of the five goes to the Cagliari captain.,/home/eboccaletti/thesis_project/data/MOMENTS/OziK3ff0/important-moments/2/IM_4.mp4,/home/eboccaletti/thesis_project/data/MOMENTS/OziK3ff0/important-moments/2/IM_4_v1.json,
OziK3ff0,2,IM_5,goal,goal:\bgoal\b,1.000,What a strike. Can I go land? How many goal of the season contenders is he going to produce?,/home/eboccaletti/thesis_project/data/MOMENTS/OziK3ff0/important-moments/2/IM_5.mp4,/home/eboccaletti/thesis_project/data/MOMENTS/OziK3ff0/important-moments/2/IM_5_v1.json,
OziK3ff0,2,IM_6,goal,goal:\bgoal\b,0.908,"Even at this late stage of the match, Badel, are they a little light? Sotil, Dalbert, well played, there's the shot and they do have one goal back. And Vlajevic...",/home/eboccaletti/thesis_project/data/MOMENTS/OziK3ff0/important-moments/2/IM_6.mp4,/home/eboccaletti/thesis_project/data/MOMENTS/OziK3ff0/important-moments/2/IM_6_v1.json,
Q3ZH0ngC,1,IM_1,goal,goal:\bgoal\b,0.903,"There's a little bit of contact, but it wasn't a great ball, to be honest. That's given away by Giroud. And then so, Bernardo Silva, fiddle tucks by Chasers to Sterling, simple as that. First serious attack of the night, and Raheem Sterling gets himself another goal. 14 this season for the England...",/home/eboccaletti/thesis_project/data/MOMENTS/Q3ZH0ngC/important-moments/1/IM_1.mp4,/home/eboccaletti/thesis_project/data/MOMENTS/Q3ZH0ngC/important-moments/1/IM_1_v1.json,
Q3ZH0ngC,2,IM_2,goal,goal:\bgoal\b,0.673,"City caught out on this side. Otamendi not getting tight enough to Gomez, and he doesn't do anything, he just runs and crosses. And it's a brilliant running header, putting on a play for Pasenic, who cannot miss. Lovely goal from the rebound, Atalanta, sorry. Poor defendant from Manchester City, they have to switch back on. Some celebrations for Gasparini. Second goal of the season for Mario Paschalic. And a player on the...",/home/eboccaletti/thesis_project/data/MOMENTS/Q3ZH0ngC/important-moments/2/IM_2.mp4,/home/eboccaletti/thesis_project/data/MOMENTS/Q3ZH0ngC/important-moments/2/IM_2_v1.json,
Q3ZH0ngC,2,IM_6,goal,goal:\bgoal\b,1.000,"Toloi, Jimsiti, Palomino. In goes the corner from Gomez, and flicked on and flicked just wide by Berat Jimsiti. So close to a second Atalanta goal. They're out swinging.",/home/eboccaletti/thesis_project/data/MOMENTS/Q3ZH0ngC/important-moments/2/IM_6.mp4,/home/eboccaletti/thesis_project/data/MOMENTS/Q3ZH0ngC/important-moments/2/IM_6_v1.json,
Q3mkxVyG,1,IM_4,goal,goal:\bgoal\b,0.830,"He himself could have gone for goal. Chance here, Pastore! Strakosha makes the save, it's not over yet. Lucas Leiva...",/home/eboccaletti/thesis_project/data/MOMENTS/Q3mkxVyG/important-moments/1/IM_4.mp4,/home/eboccaletti/thesis_project/data/MOMENTS/Q3mkxVyG/important-moments/1/IM_4_v1.json,
Q3mkxVyG,2,IM_1,goal,goal:\bgoal\b,0.933,"Again against Udinese, he saw Bedaglia there. Giving that Udinese goal at least as an own goal against Bedaglia. Chance here Lazio! Oh! Giroi Mopile! 1-1 in the derby now.",/home/eboccaletti/thesis_project/data/MOMENTS/Q3mkxVyG/important-moments/2/IM_1.mp4,/home/eboccaletti/thesis_project/data/MOMENTS/Q3mkxVyG/important-moments/2/IM_1_v1.json,
Sf4M19lS,1,IM_7,goal,goal:\bgoal\b,0.830,"He might go a little bit more on the angle to the far post, but he'll be looking to whip one in towards the six-yard box. Defenders have to stay switch on. It's teasing ball in. It's the perfect delivery. And De Bruyne wheels away in celebration. His first goal for his new side on home soil in the San Siro.",/home/eboccaletti/thesis_project/data/MOMENTS/Sf4M19lS/important-moments/1/IM_7.mp4,/home/eboccaletti/thesis_project/data/MOMENTS/Sf4M19lS/important-moments/1/IM_7_v1.json,
Sf4M19lS,1,IM_9,goal,goal:\bgoal\b,0.878,No chance for Surugu. That's a killer goal for Torino to take. It will be outplayed an awful lot in the first half an hour of this game. And Inter deserve their 2-0 lead.,/home/eboccaletti/thesis_project/data/MOMENTS/Sf4M19lS/important-moments/1/IM_9.mp4,/home/eboccaletti/thesis_project/data/MOMENTS/Sf4M19lS/important-moments/1/IM_9_v1.json,
UBdITpNb,1,IM_6,goal,goal:\bgoal\b,0.914,"Too far away from his 20th European goal for the club. Oh, yet another assist. Between two stools in the end.",/home/eboccaletti/thesis_project/data/MOMENTS/UBdITpNb/important-moments/1/IM_6.mp4,/home/eboccaletti/thesis_project/data/MOMENTS/UBdITpNb/important-moments/1/IM_6_v1.json,
ULTDmEW6,1,IM_1,goal,goal:\bgoal\b,0.943,"He's done it twice now. Dele Alli, Jung-Min Son, Topman looking for the goal and they find it! It's the first goal in the Jose Mourinho era.",/home/eboccaletti/thesis_project/data/MOMENTS/ULTDmEW6/important-moments/1/IM_1.mp4,/home/eboccaletti/thesis_project/data/MOMENTS/ULTDmEW6/important-moments/1/IM_1_v1.json,
ULTDmEW6,1,IM_2,goal,goal:\bscored\b,0.753,"Bonnes had to come off here to go back on again. Only ever seems to waste a bit more time. Nice flip by Hyunmin Song. Well, Dele Alli did wonderfully well, it's a poor ball by Dier, but Alli kept it alive, and in it goes towards Moura, and Tottenham have scored again. Well, Cresswell was coming in as well, but the fact...",/home/eboccaletti/thesis_project/data/MOMENTS/ULTDmEW6/important-moments/1/IM_2.mp4,/home/eboccaletti/thesis_project/data/MOMENTS/ULTDmEW6/important-moments/1/IM_2_v1.json,
ULTDmEW6,2,IM_2,goal,goal:\bgoal\b,0.743,"And it's Serge Aurier. Good ball in, it's another goal. And who else on Derby Day but Harry Kane?",/home/eboccaletti/thesis_project/data/MOMENTS/ULTDmEW6/important-moments/2/IM_2.mp4,/home/eboccaletti/thesis_project/data/MOMENTS/ULTDmEW6/important-moments/2/IM_2_v1.json,
ULTDmEW6,2,IM_3,goal,goal:\bback of the net\b,0.994,"The ball's changed out here to Aurier. It's a wonderful cross but he points, look where he wants it. And the desire to get across with defence and it was, as soon as it hit his head you thought it was in the back of the net.",/home/eboccaletti/thesis_project/data/MOMENTS/ULTDmEW6/important-moments/2/IM_3.mp4,/home/eboccaletti/thesis_project/data/MOMENTS/ULTDmEW6/important-moments/2/IM_3_v1.json,
ULTDmEW6,2,IM_4,goal,"goal:\bgoal\b,\bscores?\b",0.971,"Here's Antonio, Ryan Fredericks, Haller's in the middle, coming in was Fournells, here's Robert Snodgrass and then the block mate by Sanchez from the Haller shot. Antonio shoots and scores! Well, if anybody deserves a goal for West Ham today...",/home/eboccaletti/thesis_project/data/MOMENTS/ULTDmEW6/important-moments/2/IM_4.mp4,/home/eboccaletti/thesis_project/data/MOMENTS/ULTDmEW6/important-moments/2/IM_4_v1.json,
ULTDmEW6,2,IM_5,goal,goal:\bgoal\b,0.968,"You think Spurs have averted it. Little cutback. But this is a wonderful goal from Antonio. Little ball. He's going for a one-two, Mark Noble. Just lets it run across his body.",/home/eboccaletti/thesis_project/data/MOMENTS/ULTDmEW6/important-moments/2/IM_5.mp4,/home/eboccaletti/thesis_project/data/MOMENTS/ULTDmEW6/important-moments/2/IM_5_v1.json,
UcZVYDFH,1,IM_10,goal,goal:\bgoal\b,1.000,And still Napoli cannot find that elusive second goal.,/home/eboccaletti/thesis_project/data/MOMENTS/UcZVYDFH/important-moments/1/IM_10.mp4,/home/eboccaletti/thesis_project/data/MOMENTS/UcZVYDFH/important-moments/1/IM_10_v1.json,
UcZVYDFH,1,IM_11,goal,goal:\bgoal\b,0.813,"Kallidi, Koulibaly. No stranger to a headed goal in Turin. This time he was denied by Sirigu.",/home/eboccaletti/thesis_project/data/MOMENTS/UcZVYDFH/important-moments/1/IM_11.mp4,/home/eboccaletti/thesis_project/data/MOMENTS/UcZVYDFH/important-moments/1/IM_11_v1.json,
UcZVYDFH,1,IM_12,goal,goal:\bgoal\b,0.981,"Napoli just drawing Torino out, using the ball while at the back, and then somebody like Verdi in this case just slips away from his man. Mertens will go first, back into Verdi, it is a brilliant, brilliant team goal from Mertens.",/home/eboccaletti/thesis_project/data/MOMENTS/UcZVYDFH/important-moments/1/IM_12.mp4,/home/eboccaletti/thesis_project/data/MOMENTS/UcZVYDFH/important-moments/1/IM_12_v1.json,
UcZVYDFH,1,IM_13,goal,goal:\bgoal\b,0.965,This is his first goal in Napoli colours.,/home/eboccaletti/thesis_project/data/MOMENTS/UcZVYDFH/important-moments/1/IM_13.mp4,/home/eboccaletti/thesis_project/data/MOMENTS/UcZVYDFH/important-moments/1/IM_13_v1.json,
UcZVYDFH,1,IM_15,goal,goal:\bgoal\b,0.953,"He's the only man there, has Berenguer to his right. He's going to strike it at goal. He's always a little bit too high though. And the parade of noise.",/home/eboccaletti/thesis_project/data/MOMENTS/UcZVYDFH/important-moments/1/IM_15.mp4,/home/eboccaletti/thesis_project/data/MOMENTS/UcZVYDFH/important-moments/1/IM_15_v1.json,
UcZVYDFH,1,IM_4,goal,goal:\bscores?\b,0.776,"But you have to say, Muretti's clearance is soft, it's right against his centre-back partner, Uncullo. And Insigne, he's finished it emphatically, but he would have expected to score.",/home/eboccaletti/thesis_project/data/MOMENTS/UcZVYDFH/important-moments/1/IM_4.mp4,/home/eboccaletti/thesis_project/data/MOMENTS/UcZVYDFH/important-moments/1/IM_4_v1.json,
UcZVYDFH,2,IM_8,goal,goal:\bgoal\b,0.918,He gets his second of the game. Napoli have gone on the counter-attack and restore their two-goal advantage.,/home/eboccaletti/thesis_project/data/MOMENTS/UcZVYDFH/important-moments/2/IM_8.mp4,/home/eboccaletti/thesis_project/data/MOMENTS/UcZVYDFH/important-moments/2/IM_8_v1.json,
W0KvTtjG,1,IM_5,goal,goal:\bgoal\b,0.870,"And this one today, but he does really well. As in, he come back onto his right foot and open the goal.",/home/eboccaletti/thesis_project/data/MOMENTS/W0KvTtjG/important-moments/1/IM_5.mp4,/home/eboccaletti/thesis_project/data/MOMENTS/W0KvTtjG/important-moments/1/IM_5_v1.json,
W0KvTtjG,2,IM_4,goal,goal:\bgoal\b,0.997,But what a goal it is. Let's have a look. He looks offside.,/home/eboccaletti/thesis_project/data/MOMENTS/W0KvTtjG/important-moments/2/IM_4.mp4,/home/eboccaletti/thesis_project/data/MOMENTS/W0KvTtjG/important-moments/2/IM_4_v1.json,
W0KvTtjG,2,IM_7,goal,goal:\bgoal\b,0.959,"They've been well in the game, they're still in the game now of course. Actually, Chamberlain, Sammy Omade in the pool looking for the killer goal. Here's Origi, Salah, oh brilliant! What about that? As cheeky as you like from most...",/home/eboccaletti/thesis_project/data/MOMENTS/W0KvTtjG/important-moments/2/IM_7.mp4,/home/eboccaletti/thesis_project/data/MOMENTS/W0KvTtjG/important-moments/2/IM_7_v1.json,
WMXiUm8r,1,IM_5,goal,goal:\bgoal\b,0.780,Here's the corner. Would have been an own goal and the second one hits the crossbar. What a chance that was for Hattie Ball.,/home/eboccaletti/thesis_project/data/MOMENTS/WMXiUm8r/important-moments/1/IM_5.mp4,/home/eboccaletti/thesis_project/data/MOMENTS/WMXiUm8r/important-moments/1/IM_5_v1.json,
Yemnqwk0,1,IM_2,goal,"goal:\bgoal\b,\bscored\b",0.988,"Sustakolme, the Nigerian, closed down. It's really giving away again the dangerous area by Udinese. It has been given away now by Fofana. This is Fabian Ruiz, who's gone for a curler and scored a superb goal. What a strike that was. By the sub with his right foot. Lovely curled ball. He looks lively. He's a left-footed player, but my word, he picked his angle perfectly. He placed it nicely and just curved the ball. Angelotti always won for a kind of a low celebration.",/home/eboccaletti/thesis_project/data/MOMENTS/Yemnqwk0/important-moments/1/IM_2.mp4,/home/eboccaletti/thesis_project/data/MOMENTS/Yemnqwk0/important-moments/1/IM_2_v1.json,
Yemnqwk0,1,IM_3,goal,goal:\bgoal\b,0.997,"Angelotti always won for a kind of a low celebration. Superb goal. All came after some poor defensive play, I have to say, particularly by Thrustekong, the centre-back. That will put the cat among the pigeons now. Wonderful goal. And his first goal there for Napoli. One to remember.",/home/eboccaletti/thesis_project/data/MOMENTS/Yemnqwk0/important-moments/1/IM_3.mp4,/home/eboccaletti/thesis_project/data/MOMENTS/Yemnqwk0/important-moments/1/IM_3_v1.json,
Yemnqwk0,2,IM_1,goal,goal:\bgoal\b,0.696,So away we go Wentz again. Napoli one goal up.,/home/eboccaletti/thesis_project/data/MOMENTS/Yemnqwk0/important-moments/2/IM_1.mp4,/home/eboccaletti/thesis_project/data/MOMENTS/Yemnqwk0/important-moments/2/IM_1_v1.json,
Yo4Xirtq,2,IM_1,goal,"goal:\bgoal\b,\bscored\b",0.986,"Although as always Hudson-Odoi's out there as a short option. Headed away by Scottran Mustafi for Arsenal, now the counter-attacks on. Led by the speedy Martinelli and his Indicus Kante fell over and he might go all the way. It's Martinelli and he's scored. What composure from the teenager. It's a goal against the run of play for Arsenal.",/home/eboccaletti/thesis_project/data/MOMENTS/Yo4Xirtq/important-moments/2/IM_1.mp4,/home/eboccaletti/thesis_project/data/MOMENTS/Yo4Xirtq/important-moments/2/IM_1_v1.json,
Yo4Xirtq,2,IM_5,goal,goal:\bgoal\b,0.954,"He's travelling into the area anyway so he's up and about. What a short Chelsea, corner high, squeezed in, it has been a quarter. When Chelsea needed him, the captain steps up with the goal. Chelsea 2, Arsenal 1. It was a bit of a mess this split because Tammy Abraham's in the offside position.",/home/eboccaletti/thesis_project/data/MOMENTS/Yo4Xirtq/important-moments/2/IM_5.mp4,/home/eboccaletti/thesis_project/data/MOMENTS/Yo4Xirtq/important-moments/2/IM_5_v1.json,
Yo4Xirtq,2,IM_7,goal,goal:\bscored\b,0.960,"Saka, Lucas Torreira, there's Bellerin. A chance to hit, but he's left, but oh he's scored! Hits of Bellerin for Arsenal! What drama at Stamford Bridge! Bellerin's first appearance since the 5th of December.",/home/eboccaletti/thesis_project/data/MOMENTS/Yo4Xirtq/important-moments/2/IM_7.mp4,/home/eboccaletti/thesis_project/data/MOMENTS/Yo4Xirtq/important-moments/2/IM_7_v1.json,
bBW7eQ6s,1,IM_2,goal,goal:\bgoal\b,0.958,"They've got the craft and guile to find a way past this Atalanta back line. Here's Alfred Duncan, lovely layoff, oh and it's a goal and it's put away by Berardi for Sassuolo.",/home/eboccaletti/thesis_project/data/MOMENTS/bBW7eQ6s/important-moments/1/IM_2.mp4,/home/eboccaletti/thesis_project/data/MOMENTS/bBW7eQ6s/important-moments/1/IM_2_v1.json,
bBW7eQ6s,1,IM_7,goal,"goal:\bgoal\b,\bscored\b",0.903,"Actually, Froyler trying to get back to him, not one of the centre-halves, does really well, composed, but he gets to Berardi, unfortunately Berardi is right foot, yes, he scored the first goal with it, but not his favourite one, even so, a good attempt, going on target.",/home/eboccaletti/thesis_project/data/MOMENTS/bBW7eQ6s/important-moments/1/IM_7.mp4,/home/eboccaletti/thesis_project/data/MOMENTS/bBW7eQ6s/important-moments/1/IM_7_v1.json,
bBW7eQ6s,2,IM_2,goal,goal:\bback of the net\b,0.992,Back with Palomino. Happy to leave it to Gomez. Just dropping off to collect possession. Ilicic. All hands on deck here for Sassuolo. Ilicic brings the save. Gomez is there. It's a delightful little chip. And Papu Gomez finds the back of the net and Atalanta have the lead that they've craved.,/home/eboccaletti/thesis_project/data/MOMENTS/bBW7eQ6s/important-moments/2/IM_2.mp4,/home/eboccaletti/thesis_project/data/MOMENTS/bBW7eQ6s/important-moments/2/IM_2_v1.json,
bBW7eQ6s,2,IM_3,goal,goal:\bback of the net\b,0.982,And Papu Gomez finds the back of the net and Atalanta have the lead that they've craved. And the Champions League has just got a little bit...,/home/eboccaletti/thesis_project/data/MOMENTS/bBW7eQ6s/important-moments/2/IM_3.mp4,/home/eboccaletti/thesis_project/data/MOMENTS/bBW7eQ6s/important-moments/2/IM_3_v1.json,
bBW7eQ6s,2,IM_5,goal,goal:\bgoal\b,0.863,"He's a mixture of decisiveness and good timing. Layoff from Remo Freuler, collected now by Gomez. Still wriggling free from Magnanelli. Chance at the far post! It's the third goal! Mario Pazalic for Atalanta!",/home/eboccaletti/thesis_project/data/MOMENTS/bBW7eQ6s/important-moments/2/IM_5.mp4,/home/eboccaletti/thesis_project/data/MOMENTS/bBW7eQ6s/important-moments/2/IM_5_v1.json,
bZhxz4I5,1,IM_9,goal,goal:\bgoal\b,0.929,And it's Zapata and Gomez are the dream duo for Ladea. Brilliant work from Zapata to find Alejandro Gomez. And from a very similar position to the opening goal.,/home/eboccaletti/thesis_project/data/MOMENTS/bZhxz4I5/important-moments/1/IM_9.mp4,/home/eboccaletti/thesis_project/data/MOMENTS/bZhxz4I5/important-moments/1/IM_9_v1.json,
bZhxz4I5,2,IM_3,goal,goal:\bgoal\b,0.806,It's a fine goal. Robin Gosens started it and he finished it.,/home/eboccaletti/thesis_project/data/MOMENTS/bZhxz4I5/important-moments/2/IM_3.mp4,/home/eboccaletti/thesis_project/data/MOMENTS/bZhxz4I5/important-moments/2/IM_3_v1.json,
bevos1dM,1,IM_11,goal,goal:\bgoal\b,0.987,"Fabulous, fabulous goal it really is, but great movement from the opposite winger. That's what you want from your wing play.",/home/eboccaletti/thesis_project/data/MOMENTS/bevos1dM/important-moments/1/IM_11.mp4,/home/eboccaletti/thesis_project/data/MOMENTS/bevos1dM/important-moments/1/IM_11_v1.json,
bevos1dM,1,IM_5,goal,goal:\bgoal\b,0.876,"1-1. How calm is Jorginho? Never phased, pressure moment, stroked it into the goal.",/home/eboccaletti/thesis_project/data/MOMENTS/bevos1dM/important-moments/1/IM_5.mp4,/home/eboccaletti/thesis_project/data/MOMENTS/bevos1dM/important-moments/1/IM_5_v1.json,
bevos1dM,1,IM_9,goal,goal:\bgoal\b,0.961,"David Neres, Hakim Ziyech. It's a good ball as well, it's a good goal. Superbly steered in by Quincy Promise, who had one disallowed in the first game, but there's no stopping that. Another fantastic ball into the Chelsea box.",/home/eboccaletti/thesis_project/data/MOMENTS/bevos1dM/important-moments/1/IM_9.mp4,/home/eboccaletti/thesis_project/data/MOMENTS/bevos1dM/important-moments/1/IM_9_v1.json,
bevos1dM,2,IM_16,goal,goal:\bgoal\b,0.959,"He only goes one way, plays it the other side and now, the most important thing now is getting that fourth goal.",/home/eboccaletti/thesis_project/data/MOMENTS/bevos1dM/important-moments/2/IM_16.mp4,/home/eboccaletti/thesis_project/data/MOMENTS/bevos1dM/important-moments/2/IM_16_v1.json,
bevos1dM,2,IM_18,goal,goal:\bit's in\b,0.512,"Rhys James across, Tali Yuffico in the block, Chelsea corner. You're gonna see both full-backs flying forward for Chelsea now, they can take that chance, get as high as they can. A little overlaps that causes them problems. William now to take the corner. The heads are back off the bar. It's in now! It's Rhys James off the bench, the 19-year-old! What a major step for Tredge! Unbelievable! And the teenager, Frank Lampard, has so much faith in and repaid it in the Champions League. Chelsea 4, Ajax 4. What a finish for him.",/home/eboccaletti/thesis_project/data/MOMENTS/bevos1dM/important-moments/2/IM_18.mp4,/home/eboccaletti/thesis_project/data/MOMENTS/bevos1dM/important-moments/2/IM_18_v1.json,
bevos1dM,2,IM_5,goal,"goal:\bscores?\b,\bscored\b",0.876,"Pass. Now David Neres for Ajax. It's Amore's tackle, and it goes to Donny van der Beek with a chance, and he scores! Well, the last time Donny van der Beek came to London, he scored against Tottenham in a Champions League semi.",/home/eboccaletti/thesis_project/data/MOMENTS/bevos1dM/important-moments/2/IM_5.mp4,/home/eboccaletti/thesis_project/data/MOMENTS/bevos1dM/important-moments/2/IM_5_v1.json,
bevos1dM,2,IM_8,goal,goal:\bit's in\b,0.885,"Kometic puts out Hudson-Odoi. Nicely weighted ball to Willian. And it's Christian Pulisic into the danger area, it's in! Well, that's for the quota might have got the final...",/home/eboccaletti/thesis_project/data/MOMENTS/bevos1dM/important-moments/2/IM_8.mp4,/home/eboccaletti/thesis_project/data/MOMENTS/bevos1dM/important-moments/2/IM_8_v1.json,
bi8eCfVa,1,IM_1,goal,"goal:\bgoal\b,\bit's in\b",0.959,"It's Alain for Napoli. Callejon. Oh, that's a good ball. Malkui here can lay it square. And it's in. It's a lovely goal. Merchant's flicked it in. But the pass into Malkui was absolutely perfect inside the full-back.",/home/eboccaletti/thesis_project/data/MOMENTS/bi8eCfVa/important-moments/1/IM_1.mp4,/home/eboccaletti/thesis_project/data/MOMENTS/bi8eCfVa/important-moments/1/IM_1_v1.json,
bi8eCfVa,2,IM_4,goal,goal:\bscores?\b,0.847,"No, here's Ilicic, Hacabar in behind. Zapata, that's it! Zapata scores against his former club.",/home/eboccaletti/thesis_project/data/MOMENTS/bi8eCfVa/important-moments/2/IM_4.mp4,/home/eboccaletti/thesis_project/data/MOMENTS/bi8eCfVa/important-moments/2/IM_4_v1.json,
bi8eCfVa,2,IM_5,goal,goal:\bgoal\b,0.989,"And there's Zapata, who to be fair has threatened the goal all afternoon.",/home/eboccaletti/thesis_project/data/MOMENTS/bi8eCfVa/important-moments/2/IM_5.mp4,/home/eboccaletti/thesis_project/data/MOMENTS/bi8eCfVa/important-moments/2/IM_5_v1.json,
bi8eCfVa,2,IM_8,goal,goal:\bgoal\b,0.980,"Here's danger, Zapata, can he finish? No, but he can set up the winning goal for Pasalic.",/home/eboccaletti/thesis_project/data/MOMENTS/bi8eCfVa/important-moments/2/IM_8.mp4,/home/eboccaletti/thesis_project/data/MOMENTS/bi8eCfVa/important-moments/2/IM_8_v1.json,
bks0kqIh,1,IM_10,goal,goal:\bgoal\b,0.877,"Well, the midway point, should we say, of the 2017-18 season, back in January 2018. Through towards Kluivert, and Dzeko is nearly there. Instead, it's a long goal. It didn't reach the boss.",/home/eboccaletti/thesis_project/data/MOMENTS/bks0kqIh/important-moments/1/IM_10.mp4,/home/eboccaletti/thesis_project/data/MOMENTS/bks0kqIh/important-moments/1/IM_10_v1.json,
bks0kqIh,2,IM_4,goal,goal:\bgoal\b,0.980,Unable to link up with Nandes. Just that touch there from Chippy Tenley nearly had a second home goal in the afternoon.,/home/eboccaletti/thesis_project/data/MOMENTS/bks0kqIh/important-moments/2/IM_4.mp4,/home/eboccaletti/thesis_project/data/MOMENTS/bks0kqIh/important-moments/2/IM_4_v1.json,
bks0kqIh,2,IM_7,goal,goal:\bit's in\b,0.859,Santon towards Jacob and down for Kalinic! It's in! Roma have a winner!,/home/eboccaletti/thesis_project/data/MOMENTS/bks0kqIh/important-moments/2/IM_7.mp4,/home/eboccaletti/thesis_project/data/MOMENTS/bks0kqIh/important-moments/2/IM_7_v1.json,
d6KTKRH2,2,IM_1,goal,goal:\bgoal\b,1.000,Milan get us underway in the second half with that goal advantage given to them by Christoph Piontek.,/home/eboccaletti/thesis_project/data/MOMENTS/d6KTKRH2/important-moments/2/IM_1.mp4,/home/eboccaletti/thesis_project/data/MOMENTS/d6KTKRH2/important-moments/2/IM_1_v1.json,
dKZ3Hnnt,1,IM_2,goal,goal:\bgoal\b,0.776,"Mope, invited to run on and on, and by Trosser! Beautiful goal for Brighton, made by Mope, finished by Trosser.",/home/eboccaletti/thesis_project/data/MOMENTS/dKZ3Hnnt/important-moments/1/IM_2.mp4,/home/eboccaletti/thesis_project/data/MOMENTS/dKZ3Hnnt/important-moments/1/IM_2_v1.json,
dOs14Ugm,1,IM_1,goal,goal:\bscores?\b,1.000,"Rodri, Gundogan, sneak through, dangerous here. Wow, big chance that for Gabriel Jesus, expected to score really from that range.",/home/eboccaletti/thesis_project/data/MOMENTS/dOs14Ugm/important-moments/1/IM_1.mp4,/home/eboccaletti/thesis_project/data/MOMENTS/dOs14Ugm/important-moments/1/IM_1_v1.json,
dOs14Ugm,1,IM_6,goal,goal:\bgoal\b,0.620,It's a throw and it's 2-0. It's a beautiful Manchester City goal. Ilkay Gundogan with the finish.,/home/eboccaletti/thesis_project/data/MOMENTS/dOs14Ugm/important-moments/1/IM_6.mp4,/home/eboccaletti/thesis_project/data/MOMENTS/dOs14Ugm/important-moments/1/IM_6_v1.json,
dOs14Ugm,1,IM_7,goal,"goal:\bgoal\b,\bscores?\b",0.738,"Who's shot hit the post, allowing Riyad Mahrez to tuck on the rebound for goal number one. Scores himself a goal.",/home/eboccaletti/thesis_project/data/MOMENTS/dOs14Ugm/important-moments/1/IM_7.mp4,/home/eboccaletti/thesis_project/data/MOMENTS/dOs14Ugm/important-moments/1/IM_7_v1.json,
dOs14Ugm,2,IM_5,goal,goal:\bgoal\b,0.701,"Tyson. Marcus Antonio infield. It's a good sight of goal for Marlos, maybe. Ottomendi strongly into the challenge. That header from Stepanenko's Cup 2. De Bruyne are in real bother here. De Bruyne plays it through to Gabriel Jesus. 3-0.",/home/eboccaletti/thesis_project/data/MOMENTS/dOs14Ugm/important-moments/2/IM_5.mp4,/home/eboccaletti/thesis_project/data/MOMENTS/dOs14Ugm/important-moments/2/IM_5_v1.json,
dSLaBHOD,2,IM_4,goal,goal:\bgoal\b,0.998,"Well, these are live pictures which have been looked at by Andrew Madley and the VAR team. No goal, remains 1-0. Well, the celebrations are stopped for the West Ham United supporters.",/home/eboccaletti/thesis_project/data/MOMENTS/dSLaBHOD/important-moments/2/IM_4.mp4,/home/eboccaletti/thesis_project/data/MOMENTS/dSLaBHOD/important-moments/2/IM_4_v1.json,
dbbAV6hn,1,IM_11,goal,goal:\bscores?\b,0.796,"Played a good ball into Dakar there who did well to get around Joe Gomez to find room for the shot but then the shot wasn't up to what had gone before. Hwangi Chan here, good feet, Hwangi Chan scores! Excellent footwork!",/home/eboccaletti/thesis_project/data/MOMENTS/dbbAV6hn/important-moments/1/IM_11.mp4,/home/eboccaletti/thesis_project/data/MOMENTS/dbbAV6hn/important-moments/1/IM_11_v1.json,
dbbAV6hn,2,IM_15,goal,goal:\bputs? it (away|in)\b,0.790,"Alexander is going to take this to the near post. Oh, I say money. Any touch surely would have put it in the net.",/home/eboccaletti/thesis_project/data/MOMENTS/dbbAV6hn/important-moments/2/IM_15.mp4,/home/eboccaletti/thesis_project/data/MOMENTS/dbbAV6hn/important-moments/2/IM_15_v1.json,
dbbAV6hn,2,IM_5,goal,"goal:\bgoal\b,\bit's in\b",0.993,"It's a very open second half with both sides going for it. Good defending by Rasmus Christensen to deny Sadio Mane a second. It's a free kick to Salzburg, taken by Sobosai. Quang-Hee Chan, Patson Daka in the middle, it's a great ball and it's in from Minamino! It's 3-2! What a brilliant goal!",/home/eboccaletti/thesis_project/data/MOMENTS/dbbAV6hn/important-moments/2/IM_5.mp4,/home/eboccaletti/thesis_project/data/MOMENTS/dbbAV6hn/important-moments/2/IM_5_v1.json,
dbbAV6hn,2,IM_6,goal,goal:\bgoal\b,1.000,They are right back in this. Wonderful goal. Jurgen Klopp can't believe what he's seeing.,/home/eboccaletti/thesis_project/data/MOMENTS/dbbAV6hn/important-moments/2/IM_6.mp4,/home/eboccaletti/thesis_project/data/MOMENTS/dbbAV6hn/important-moments/2/IM_6_v1.json,
fN94DUin,1,IM_4,goal,goal:\bgoal\b,0.918,Kadir got a shot in and denied by the frame with a goal.,/home/eboccaletti/thesis_project/data/MOMENTS/fN94DUin/important-moments/1/IM_4.mp4,/home/eboccaletti/thesis_project/data/MOMENTS/fN94DUin/important-moments/1/IM_4_v1.json,
fN94DUin,1,IM_5,goal,goal:\bgoal\b,0.672,"Mandzukic, you always see the idea that a back heel towards Ronaldo, the execution not quite right though. Kadira, Doktor Kosta, Sami Kadira, Matuidi feeding Ronaldo who lost his footing but still gets the goal.",/home/eboccaletti/thesis_project/data/MOMENTS/fN94DUin/important-moments/1/IM_5.mp4,/home/eboccaletti/thesis_project/data/MOMENTS/fN94DUin/important-moments/1/IM_5_v1.json,
fN94DUin,2,IM_11,goal,goal:\bit's in\b,0.971,"28 goals between them now this season. 25 of those seeing Serie A. That's Kuchka, oh it's in!",/home/eboccaletti/thesis_project/data/MOMENTS/fN94DUin/important-moments/2/IM_11.mp4,/home/eboccaletti/thesis_project/data/MOMENTS/fN94DUin/important-moments/2/IM_11_v1.json,
fN94DUin,2,IM_16,goal,goal:\bit's in\b,0.870,"The ball in towards Inglésie, the angles very tight, the cutback was good! It's in! 3-3! It's Jovino right at the death and Palmer maybe will pinch a point in Chirin!",/home/eboccaletti/thesis_project/data/MOMENTS/fN94DUin/important-moments/2/IM_16.mp4,/home/eboccaletti/thesis_project/data/MOMENTS/fN94DUin/important-moments/2/IM_16_v1.json,
fN94DUin,2,IM_1,goal,goal:\bgoal\b,0.732,"So Juventus with the one goal leaders, Palmer get the game going once more.",/home/eboccaletti/thesis_project/data/MOMENTS/fN94DUin/important-moments/2/IM_1.mp4,/home/eboccaletti/thesis_project/data/MOMENTS/fN94DUin/important-moments/2/IM_1_v1.json,
fai0rRnE,1,IM_2,goal,goal:\bgoal\b,0.943,comes back to Dybala very very tightly congested. Alexandro coming from Mandzukic. She barely mentioned Mandzukic's name and then that was a decent effort. Whistle past the post from Emre Can. Almost marked his full debut with his first Juve goal. I've certainly seen him come on a couple of times as a substitute.,/home/eboccaletti/thesis_project/data/MOMENTS/fai0rRnE/important-moments/1/IM_2.mp4,/home/eboccaletti/thesis_project/data/MOMENTS/fai0rRnE/important-moments/1/IM_2_v1.json,
fai0rRnE,1,IM_3,goal,goal:\bgoal\b,0.898,"I've certainly seen him come on a couple of times as a substitute. He's done particularly well, but this time he does get a start and wouldn't he like a goal? Decent effort as well. Certainly, I think conciliate.",/home/eboccaletti/thesis_project/data/MOMENTS/fai0rRnE/important-moments/1/IM_3.mp4,/home/eboccaletti/thesis_project/data/MOMENTS/fai0rRnE/important-moments/1/IM_3_v1.json,
fai0rRnE,1,IM_7,goal,goal:\bgoal\b,0.825,"In Ray Chan, now Cancelo. Good ball from Cancelo, oh brilliant save, would have been a bizarre own goal from Lirola.",/home/eboccaletti/thesis_project/data/MOMENTS/fai0rRnE/important-moments/1/IM_7.mp4,/home/eboccaletti/thesis_project/data/MOMENTS/fai0rRnE/important-moments/1/IM_7_v1.json,
fai0rRnE,1,IM_8,goal,goal:\bgoal\b,0.625,One goal from Lirola. Ronaldo. A couple of step overs. It's a decent hit. Fizz past the post from Emerson.,/home/eboccaletti/thesis_project/data/MOMENTS/fai0rRnE/important-moments/1/IM_8.mp4,/home/eboccaletti/thesis_project/data/MOMENTS/fai0rRnE/important-moments/1/IM_8_v1.json,
fai0rRnE,1,IM_9,goal,goal:\bgoal\b,0.909,Certainly Juventus now getting the balls into great Portland from Cancelo. And the fullback there goes with his wrong foot. He should clear it with his left. He tries with his right and how can Cillia in the goal has saved?,/home/eboccaletti/thesis_project/data/MOMENTS/fai0rRnE/important-moments/1/IM_9.mp4,/home/eboccaletti/thesis_project/data/MOMENTS/fai0rRnE/important-moments/1/IM_9_v1.json,
fai0rRnE,2,IM_10,goal,goal:\bgoal\b,0.811,"It's a great break. It's four on two. Juventus just streaming forward. Sassuolo, do they go left or do they go right? Chan playing to the great man and after that, calm as you like. Hard and low across the keeper. Concily, absolutely no chance. It's an excellent goal. That's what everyone came to do.",/home/eboccaletti/thesis_project/data/MOMENTS/fai0rRnE/important-moments/2/IM_10.mp4,/home/eboccaletti/thesis_project/data/MOMENTS/fai0rRnE/important-moments/2/IM_10_v1.json,
fai0rRnE,2,IM_11,goal,goal:\bscores?\b,0.960,"I don't know who's going to be number one at all, but he's played certainly even today. That save from Duncan he made. And Sassuolo to score here. Francesco takes a tumble. Back into Babacar. And Sassuolo are back in the game.",/home/eboccaletti/thesis_project/data/MOMENTS/fai0rRnE/important-moments/2/IM_11.mp4,/home/eboccaletti/thesis_project/data/MOMENTS/fai0rRnE/important-moments/2/IM_11_v1.json,
fai0rRnE,2,IM_12,goal,goal:\bputs? it (away|in)\b,0.966,"That should be a red. Eventually when the ball does come in, well, I said just get the ball in there. You've got two big guys in there. Why not put it in?",/home/eboccaletti/thesis_project/data/MOMENTS/fai0rRnE/important-moments/2/IM_12.mp4,/home/eboccaletti/thesis_project/data/MOMENTS/fai0rRnE/important-moments/2/IM_12_v1.json,
hK46TwNp,1,IM_11,goal,goal:\bgoal\b,0.942,"Now the fans behind the goal and by Torreira. He's not out of the wood yet. Lacazette going in, Hamilton Sanchez does well. Arsenal still with numbers forward. Lacazette is one of them and he doesn't miss. They've got the goal back in added time. Handball and off doesn't matter because Alex Lacazette has buried that one.",/home/eboccaletti/thesis_project/data/MOMENTS/hK46TwNp/important-moments/1/IM_11.mp4,/home/eboccaletti/thesis_project/data/MOMENTS/hK46TwNp/important-moments/1/IM_11_v1.json,
hK46TwNp,1,IM_1,goal,goal:\bgoal\b,0.941,"In these early parts. Passed on by Kane, collected by Son. And he makes a bit of space for himself cleverly. Puts it through to Lamella, it's on his weaker foot. Oh, but it's an absolute gift for Christian Eriksen, who gets his 50th Premier League goal.",/home/eboccaletti/thesis_project/data/MOMENTS/hK46TwNp/important-moments/1/IM_1.mp4,/home/eboccaletti/thesis_project/data/MOMENTS/hK46TwNp/important-moments/1/IM_1_v1.json,
hK46TwNp,2,IM_2,goal,goal:\bscored\b,0.701,Maybe Laka... Aubameyang coming in behind would have scored. This is the low... Shot and save from Ruiz.,/home/eboccaletti/thesis_project/data/MOMENTS/hK46TwNp/important-moments/2/IM_2.mp4,/home/eboccaletti/thesis_project/data/MOMENTS/hK46TwNp/important-moments/2/IM_2_v1.json,
hhOORuUg,1,IM_2,goal,goal:\bgoal\b,0.815,"Samp holding on, Siler doing well. And again, can he get a cross away though? He does. And it's fallen kindly! Good save! Blind Cornini with the Atalanta goal.",/home/eboccaletti/thesis_project/data/MOMENTS/hhOORuUg/important-moments/1/IM_2.mp4,/home/eboccaletti/thesis_project/data/MOMENTS/hhOORuUg/important-moments/1/IM_2_v1.json,
hhOORuUg,2,IM_11,goal,"goal:\bback of the net\b,\bit's in\b",0.966,"Power behind it. But Aldeiro getting down and making the save. What a chance for Atalanta. Ilicic leaves this. Hatabor again, but it's in. This time turned into the back of the net by Gosens at the far post. The initial save from Aldeiro, not enough.",/home/eboccaletti/thesis_project/data/MOMENTS/hhOORuUg/important-moments/2/IM_11.mp4,/home/eboccaletti/thesis_project/data/MOMENTS/hhOORuUg/important-moments/2/IM_11_v1.json,
hhOORuUg,2,IM_4,goal,"goal:\bback of the net\b,\bit's in\b",0.592,"He doesn't agree with the decision but he was climbing all over Zapata, pulled him back as well. That's a free kick to Atalanta. Mancini forward. Sampov somehow won it back but Pogliarella couldn't find the pass. Ilyich forward, that's a lovely ball to Zapata. Zapata! And it's in the back of the net!",/home/eboccaletti/thesis_project/data/MOMENTS/hhOORuUg/important-moments/2/IM_4.mp4,/home/eboccaletti/thesis_project/data/MOMENTS/hhOORuUg/important-moments/2/IM_4_v1.json,
hhOORuUg,2,IM_6,goal,goal:\bgoal\b,0.989,And in a way Anderson helping Zapata and fooling his own goalkeeper because the ball went the wrong way. A slightly comical goal but it stands and Atalanta have the lead.,/home/eboccaletti/thesis_project/data/MOMENTS/hhOORuUg/important-moments/2/IM_6.mp4,/home/eboccaletti/thesis_project/data/MOMENTS/hhOORuUg/important-moments/2/IM_6_v1.json,
hhOORuUg,2,IM_9,goal,goal:\bback of the net\b,0.991,Smashing it into the back of the net. Atalanta will feel a little bit hard done by a natural.,/home/eboccaletti/thesis_project/data/MOMENTS/hhOORuUg/important-moments/2/IM_9.mp4,/home/eboccaletti/thesis_project/data/MOMENTS/hhOORuUg/important-moments/2/IM_9_v1.json,
jPmQoPsi,1,IM_1,goal,goal:\bscores?\b,0.747,"Dindal, he just couldn't pull it back enough. That Bienko. It's a half decent idea and he's finished. Devonteta is in behind him here for Shakhtar, didn't he? And Moss score! He has it! Oh my lord, how'd he miss that? Fernandinho's the reason he missed it.",/home/eboccaletti/thesis_project/data/MOMENTS/jPmQoPsi/important-moments/1/IM_1.mp4,/home/eboccaletti/thesis_project/data/MOMENTS/jPmQoPsi/important-moments/1/IM_1_v1.json,
jPmQoPsi,1,IM_2,goal,goal:\binto the net\b,0.798,"Whether he was offside, it may have been. But Edison normally deals with that every single day of the week. But it takes his time, doesn't he? Having another touch, puts it onto his left foot. Instead of just rolling it into the net, Tete, maybe it shows that little bit of inexperience. But that left foot there, putting it out has allowed Fernandinho and Otamendi to try and get back. Should have just rolled it into the net. One touch and into the net.",/home/eboccaletti/thesis_project/data/MOMENTS/jPmQoPsi/important-moments/1/IM_2.mp4,/home/eboccaletti/thesis_project/data/MOMENTS/jPmQoPsi/important-moments/1/IM_2_v1.json,
jPmQoPsi,1,IM_3,goal,goal:\binto the net\b,0.647,"It takes his time doesn't he? Having another touch, puts it onto his left foot, instead of just rolling it into the net, maybe it shows that little bit of inexperience, but that left foot there, putting it out has allowed Fernandinho and Otamendi to try and get back. Should have just rolled it into the net, one touch and into the net.",/home/eboccaletti/thesis_project/data/MOMENTS/jPmQoPsi/important-moments/1/IM_3.mp4,/home/eboccaletti/thesis_project/data/MOMENTS/jPmQoPsi/important-moments/1/IM_3_v1.json,
jPmQoPsi,2,IM_5,goal,goal:\bgoal\b,0.709,Second one. Rotri. And Shesos gave it a clatter and it bounced out for Kovalenko. Who's got it back and has played it early. Perjunio Mirage. Tete. Angelino in retreat. Toto behind Mirage and crashed in by Solomon! Shatar dig themselves out of goal. And possibly a point to go with it.,/home/eboccaletti/thesis_project/data/MOMENTS/jPmQoPsi/important-moments/2/IM_5.mp4,/home/eboccaletti/thesis_project/data/MOMENTS/jPmQoPsi/important-moments/2/IM_5_v1.json,
l0uNkr78,1,IM_8,goal,goal:\bgoal\b,0.964,"Robin Olsen in the Roma goal, absolutely no chance. From almost going a goal down, Inter are on top. Spirited Roma, stopped in their tracks. They will talk Di Francesco, whatever the final result about.",/home/eboccaletti/thesis_project/data/MOMENTS/l0uNkr78/important-moments/1/IM_8.mp4,/home/eboccaletti/thesis_project/data/MOMENTS/l0uNkr78/important-moments/1/IM_8_v1.json,
l0uNkr78,2,IM_18,goal,goal:\bgoal\b,0.776,"Di Francesco with so many injuries. Keita Balde gave in to the lead on 37 minutes, then Undaj with a wonder goal. Six minutes.",/home/eboccaletti/thesis_project/data/MOMENTS/l0uNkr78/important-moments/2/IM_18.mp4,/home/eboccaletti/thesis_project/data/MOMENTS/l0uNkr78/important-moments/2/IM_18_v1.json,
l0uNkr78,2,IM_4,goal,goal:\bback of the net\b,0.796,Watch the ball end up in the back of the net. Wow.,/home/eboccaletti/thesis_project/data/MOMENTS/l0uNkr78/important-moments/2/IM_4.mp4,/home/eboccaletti/thesis_project/data/MOMENTS/l0uNkr78/important-moments/2/IM_4_v1.json,
l0uNkr78,2,IM_6,goal,goal:\bgoal\b,0.976,Serie A game number 201. Goal number 118.,/home/eboccaletti/thesis_project/data/MOMENTS/l0uNkr78/important-moments/2/IM_6.mp4,/home/eboccaletti/thesis_project/data/MOMENTS/l0uNkr78/important-moments/2/IM_6_v1.json,
lCaoR3AE,2,IM_13,goal,goal:\bgoal\b,0.957,Play the other next week. It's curiouser and curiouser. Here's Ronaldo. Still trying to make it eight in a row. And Ronaldo grabs a goal back. And maybe it is not finished.,/home/eboccaletti/thesis_project/data/MOMENTS/lCaoR3AE/important-moments/2/IM_13.mp4,/home/eboccaletti/thesis_project/data/MOMENTS/lCaoR3AE/important-moments/2/IM_13_v1.json,
lCaoR3AE,2,IM_4,goal,goal:\bscores?\b,0.969,"Di Lorenzo let him run, he's offside by a couple of yards. Ronaldo thought he'd score but I think he's inside the ground.",/home/eboccaletti/thesis_project/data/MOMENTS/lCaoR3AE/important-moments/2/IM_4.mp4,/home/eboccaletti/thesis_project/data/MOMENTS/lCaoR3AE/important-moments/2/IM_4_v1.json,
lCaoR3AE,2,IM_6,goal,goal:\bgoal\b,0.793,Fabienne. Juve on the counter with Cristiano Ronaldo. What a trick that is. Driving away from Hussain. Here is Gonzalo Higuaín. There he makes the save. Higuaín's first sign of goal back at the San Paolo.,/home/eboccaletti/thesis_project/data/MOMENTS/lCaoR3AE/important-moments/2/IM_6.mp4,/home/eboccaletti/thesis_project/data/MOMENTS/lCaoR3AE/important-moments/2/IM_6_v1.json,
nZiPASBs,2,IM_11,goal,goal:\bgoal\b,0.926,"So teams feel like they've got a chance, but this is the problem. Aguero looking to kill Everton, off here, Mahrez. And right across to Raheem Sterling who crashes the crossbar, Sterling again. It's a goal. Well, Raheem Sterling on his return to Merseyside has a special milestone to celebrate the 100th goal.",/home/eboccaletti/thesis_project/data/MOMENTS/nZiPASBs/important-moments/2/IM_11.mp4,/home/eboccaletti/thesis_project/data/MOMENTS/nZiPASBs/important-moments/2/IM_11_v1.json,
nsbnKlSp,2,IM_19,goal,goal:\bgoal\b,0.839,"Deep from Sousa, deflected back across goal after Handanovic saved. And then away by Skrini.",/home/eboccaletti/thesis_project/data/MOMENTS/nsbnKlSp/important-moments/2/IM_19.mp4,/home/eboccaletti/thesis_project/data/MOMENTS/nsbnKlSp/important-moments/2/IM_19_v1.json,
nsbnKlSp,2,IM_3,goal,goal:\bgoal\b,0.746,Just about goes out of play. That's floated in and headed beautifully. They have their second goal.,/home/eboccaletti/thesis_project/data/MOMENTS/nsbnKlSp/important-moments/2/IM_3.mp4,/home/eboccaletti/thesis_project/data/MOMENTS/nsbnKlSp/important-moments/2/IM_3_v1.json,
nsbnKlSp,2,IM_4,goal,goal:\bgoal\b,0.839,That's floated in and headed beautifully. They have their second goal from Stefan De Bruyne.,/home/eboccaletti/thesis_project/data/MOMENTS/nsbnKlSp/important-moments/2/IM_4.mp4,/home/eboccaletti/thesis_project/data/MOMENTS/nsbnKlSp/important-moments/2/IM_4_v1.json,
nsbnKlSp,2,IM_7,goal,goal:\bgoal\b,0.982,"He'll be on imminently. Lipped in by Zalanolu, terrific header! Bakayoko's first goal for Milan comes in the derby and gives them hope! What a great header this is from Bakayoko.",/home/eboccaletti/thesis_project/data/MOMENTS/nsbnKlSp/important-moments/2/IM_7.mp4,/home/eboccaletti/thesis_project/data/MOMENTS/nsbnKlSp/important-moments/2/IM_7_v1.json,
nwl9maEG,2,IM_9,goal,goal:\bscores?\b,0.958,Early days in his Manchester City career. I think he has all the attributes of trying it. And here is Bernardo Silva on the kicks and on the score sheet.,/home/eboccaletti/thesis_project/data/MOMENTS/nwl9maEG/important-moments/2/IM_9.mp4,/home/eboccaletti/thesis_project/data/MOMENTS/nwl9maEG/important-moments/2/IM_9_v1.json,
p2XBlEqT,1,IM_2,goal,goal:\bit's in\b,0.906,"Here's Dybala. Sandro. Kadira. Oh, goodness me. It's in already. And Jim Shetty, one of the two defensive changes.",/home/eboccaletti/thesis_project/data/MOMENTS/p2XBlEqT/important-moments/1/IM_2.mp4,/home/eboccaletti/thesis_project/data/MOMENTS/p2XBlEqT/important-moments/1/IM_2_v1.json,
p2XBlEqT,1,IM_6,goal,goal:\bgoal\b,0.972,"But you watch a game early on and you get a little feeling that, yes, they've got the early goal, but this could be a very high scoring game for the away side.",/home/eboccaletti/thesis_project/data/MOMENTS/p2XBlEqT/important-moments/1/IM_6.mp4,/home/eboccaletti/thesis_project/data/MOMENTS/p2XBlEqT/important-moments/1/IM_6_v1.json,
p2XBlEqT,1,IM_7,goal,goal:\bgoal\b,0.983,"Yes, they've got the early goal, but this could be a very high scoring game for the away side unless they start sorting themselves out. It's a brilliant save, just going away from it at that split second, strong hand to tip it onto the bar.",/home/eboccaletti/thesis_project/data/MOMENTS/p2XBlEqT/important-moments/1/IM_7.mp4,/home/eboccaletti/thesis_project/data/MOMENTS/p2XBlEqT/important-moments/1/IM_7_v1.json,
p2XBlEqT,1,IM_9,goal,goal:\bgoal\b,0.650,"Defending. It's for Nuccia that just gets too tight to him, he just rolls in brilliantly and then just executes it across Szczesny. So much control, so much firepower there from the front man, confident in front of goal.",/home/eboccaletti/thesis_project/data/MOMENTS/p2XBlEqT/important-moments/1/IM_9.mp4,/home/eboccaletti/thesis_project/data/MOMENTS/p2XBlEqT/important-moments/1/IM_9_v1.json,
pMi7XPEc,1,IM_2,goal,goal:\bgoal\b,0.791,"I think he'd have been better shooting there. Denton Court, Panucci, oh, what a goal! The captain comes up with a bullet.",/home/eboccaletti/thesis_project/data/MOMENTS/pMi7XPEc/important-moments/1/IM_2.mp4,/home/eboccaletti/thesis_project/data/MOMENTS/pMi7XPEc/important-moments/1/IM_2_v1.json,
pMi7XPEc,1,IM_6,goal,goal:\bscores?\b,1.000,He doesn't score many.,/home/eboccaletti/thesis_project/data/MOMENTS/pMi7XPEc/important-moments/1/IM_6.mp4,/home/eboccaletti/thesis_project/data/MOMENTS/pMi7XPEc/important-moments/1/IM_6_v1.json,
pMi7XPEc,1,IM_7,goal,goal:\bgoal\b,0.996,"How many times do we see Juventus make a team pay for not taking their chances? Here's Boger, who's had maybe Sassuolo's best. Boger. Trying to wriggle free of the traffic, and Boger! Oh, delightful! That is a peach of a goal.",/home/eboccaletti/thesis_project/data/MOMENTS/pMi7XPEc/important-moments/1/IM_7.mp4,/home/eboccaletti/thesis_project/data/MOMENTS/pMi7XPEc/important-moments/1/IM_7_v1.json,
pMi7XPEc,1,IM_8,goal,goal:\bgoal\b,0.994,"That is a peach of a goal. I was looking at the assistant on the far side thinking, well, is the flag going to go up here? The looked into the offside bit, the flag didn't go up, and what a finish this is. If that had been at the other end, it would have been purring about it.",/home/eboccaletti/thesis_project/data/MOMENTS/pMi7XPEc/important-moments/1/IM_8.mp4,/home/eboccaletti/thesis_project/data/MOMENTS/pMi7XPEc/important-moments/1/IM_8_v1.json,
pOf6Wnwt,1,IM_4,goal,goal:\bgoal\b,0.906,Goal number 117 for Napoli for Dries Mertens. The Liverpool medical team are working hard on Virgil.,/home/eboccaletti/thesis_project/data/MOMENTS/pOf6Wnwt/important-moments/1/IM_4.mp4,/home/eboccaletti/thesis_project/data/MOMENTS/pOf6Wnwt/important-moments/1/IM_4_v1.json,
pOf6Wnwt,2,IM_10,goal,"goal:\bgoal\b,\bscored\b",0.986,Van Dijk's arrived in the Napoli box. Milders out to take the corner. Too high for Van Dijk but it's not too high for Lovren! Take it and Lovren for Liverpool! It's his first goal in Europe since he scored the one to beat Borussia Dortmund all those years.,/home/eboccaletti/thesis_project/data/MOMENTS/pOf6Wnwt/important-moments/2/IM_10.mp4,/home/eboccaletti/thesis_project/data/MOMENTS/pOf6Wnwt/important-moments/2/IM_10_v1.json,
pOf6Wnwt,2,IM_11,goal,"goal:\bgoal\b,\bscored\b",0.934,It's his first goal in Europe since he scored the one to beat Borussia Dortmund all those years ago. The one might not be quite...,/home/eboccaletti/thesis_project/data/MOMENTS/pOf6Wnwt/important-moments/2/IM_11.mp4,/home/eboccaletti/thesis_project/data/MOMENTS/pOf6Wnwt/important-moments/2/IM_11_v1.json,
pOf6Wnwt,2,IM_13,goal,goal:\binto the net\b,0.667,Not enough. Just overpowers him and it was a great header. Into that bottom right-hand corner of Merit just watching the ball sail into the net.,/home/eboccaletti/thesis_project/data/MOMENTS/pOf6Wnwt/important-moments/2/IM_13.mp4,/home/eboccaletti/thesis_project/data/MOMENTS/pOf6Wnwt/important-moments/2/IM_13_v1.json,
pOf6Wnwt,2,IM_14,goal,goal:\bgoal\b,0.979,"And there's the full-time whistle. And it will go down to matchday six, away to Salzburg for Liverpool. And the two managers with a warm embrace. Liverpool were behind in the first half. It was a goal that was superbly finished off by...",/home/eboccaletti/thesis_project/data/MOMENTS/pOf6Wnwt/important-moments/2/IM_14.mp4,/home/eboccaletti/thesis_project/data/MOMENTS/pOf6Wnwt/important-moments/2/IM_14_v1.json,
pOf6Wnwt,2,IM_2,goal,goal:\bgoal\b,0.857,"Yeah, lovely ball by Rinaldo and goal-mester as well. Flipped in by Henderson, you think it's an easy one for the keeper. Not even challenged. Talk about positional play with Koulos.",/home/eboccaletti/thesis_project/data/MOMENTS/pOf6Wnwt/important-moments/2/IM_2.mp4,/home/eboccaletti/thesis_project/data/MOMENTS/pOf6Wnwt/important-moments/2/IM_2_v1.json,
pOf6Wnwt,2,IM_8,goal,"goal:\bgoal\b,\bscored\b",0.612,"He's got a lot of fun, doesn't he? Manalas just does enough, but you fancy Firmino, he's seized the ball all the way. He's scored his first goal in ten games at the weekend.",/home/eboccaletti/thesis_project/data/MOMENTS/pOf6Wnwt/important-moments/2/IM_8.mp4,/home/eboccaletti/thesis_project/data/MOMENTS/pOf6Wnwt/important-moments/2/IM_8_v1.json,
pU7DyBbB,1,IM_10,goal,goal:\bgoal\b,0.902,In from Gomez. Gomez again into Ilicic! Who had so much of the goal to Eymar.,/home/eboccaletti/thesis_project/data/MOMENTS/pU7DyBbB/important-moments/1/IM_10.mp4,/home/eboccaletti/thesis_project/data/MOMENTS/pU7DyBbB/important-moments/1/IM_10_v1.json,
pU7DyBbB,1,IM_8,goal,goal:\bgoal\b,0.973,"Macielo down the left, he's just tucked in at the moment, Macielo. Gomez, great dummy there from him to fire it in and then Freuler for Zapata. For goal number 22 of the season. And Duvan Zapata draws Atalanta level at the Olympique.",/home/eboccaletti/thesis_project/data/MOMENTS/pU7DyBbB/important-moments/1/IM_8.mp4,/home/eboccaletti/thesis_project/data/MOMENTS/pU7DyBbB/important-moments/1/IM_8_v1.json,
pU7DyBbB,1,IM_9,goal,goal:\bgoal\b,0.995,"It was all started by Gomez with that shot. Wallace gets the first clearance, but he's stuck in there and plays. Zapata onside. What a great first touch that is. Opens the goal up for himself.",/home/eboccaletti/thesis_project/data/MOMENTS/pU7DyBbB/important-moments/1/IM_9.mp4,/home/eboccaletti/thesis_project/data/MOMENTS/pU7DyBbB/important-moments/1/IM_9_v1.json,
pl6mcTdq,1,IM_7,goal,goal:\bgoal\b,0.931,"Nice touch by Pjanic to Khadira. Christian. Loves cutting inside on his left, Bernodeski. Djukic did well to win that, and then the strike! What a goal! It's absolute brilliance here from Maryland.",/home/eboccaletti/thesis_project/data/MOMENTS/pl6mcTdq/important-moments/1/IM_7.mp4,/home/eboccaletti/thesis_project/data/MOMENTS/pl6mcTdq/important-moments/1/IM_7_v1.json,
r173Oots,2,IM_3,goal,goal:\bscores?\b,0.981,They stayed in the game and it's paid off as James Madison scores. Jurgen Klopp can barely believe it. Brendan Rodgers.,/home/eboccaletti/thesis_project/data/MOMENTS/r173Oots/important-moments/2/IM_3.mp4,/home/eboccaletti/thesis_project/data/MOMENTS/r173Oots/important-moments/2/IM_3_v1.json,
r9gYBR53,1,IM_10,goal,goal:\bgoal\b,0.781,"Good ball, shot as the goal, and then turned in for 2-0 Genoa.",/home/eboccaletti/thesis_project/data/MOMENTS/r9gYBR53/important-moments/1/IM_10.mp4,/home/eboccaletti/thesis_project/data/MOMENTS/r9gYBR53/important-moments/1/IM_10_v1.json,
r9gYBR53,1,IM_2,goal,goal:\bgoal\b,0.921,"Hernandez losing out there. Sanabria. Decent run, it's a good ball made. And there's the opening goal. And it's tucked away by Goran Pande.",/home/eboccaletti/thesis_project/data/MOMENTS/r9gYBR53/important-moments/1/IM_2.mp4,/home/eboccaletti/thesis_project/data/MOMENTS/r9gYBR53/important-moments/1/IM_2_v1.json,
reYzH7wg,1,IM_6,goal,goal:\bscored\b,0.930,"He's got a run on Murillo. Oh, and it's a big chance, it fell to Verrucci and he should have scored. Lovely delivery in from Pjanic.",/home/eboccaletti/thesis_project/data/MOMENTS/reYzH7wg/important-moments/1/IM_6.mp4,/home/eboccaletti/thesis_project/data/MOMENTS/reYzH7wg/important-moments/1/IM_6_v1.json,
reYzH7wg,1,IM_8,goal,goal:\bscores?\b,1.000,And they've broken out a score. Could this be one of the biggest shots of the competition so far this season?,/home/eboccaletti/thesis_project/data/MOMENTS/reYzH7wg/important-moments/1/IM_8.mp4,/home/eboccaletti/thesis_project/data/MOMENTS/reYzH7wg/important-moments/1/IM_8_v1.json,
rs1thcel,1,IM_5,goal,goal:\bgoal\b,0.957,There's a couple of deflections I think will just clear up who the goal is being credited to. In the end I think it came off Mario Pashanić.,/home/eboccaletti/thesis_project/data/MOMENTS/rs1thcel/important-moments/1/IM_5.mp4,/home/eboccaletti/thesis_project/data/MOMENTS/rs1thcel/important-moments/1/IM_5_v1.json,
rs1thcel,1,IM_6,goal,goal:\bgoal\b,0.936,It's an open goal. Several deflections. Paszalic with the last touch.,/home/eboccaletti/thesis_project/data/MOMENTS/rs1thcel/important-moments/1/IM_6.mp4,/home/eboccaletti/thesis_project/data/MOMENTS/rs1thcel/important-moments/1/IM_6_v1.json,
rs1thcel,1,IM_7,goal,goal:\bgoal\b,0.787,"This is Rafael Toloi. Kacilic, Gomez, Muriel, have a turn. Gomez can hit it! And it very nearly turned into an own goal from Robin Olsen.",/home/eboccaletti/thesis_project/data/MOMENTS/rs1thcel/important-moments/1/IM_7.mp4,/home/eboccaletti/thesis_project/data/MOMENTS/rs1thcel/important-moments/1/IM_7_v1.json,
rs1thcel,2,IM_6,goal,goal:\bgoal\b,0.852,"That's a good. Freuler. Morial beaten to it by Klavan. But it breaks for Malinowski. And still, Malinowski! Marily wide. Goal kick is the decision. Malinowski needs to be cared.",/home/eboccaletti/thesis_project/data/MOMENTS/rs1thcel/important-moments/2/IM_6.mp4,/home/eboccaletti/thesis_project/data/MOMENTS/rs1thcel/important-moments/2/IM_6_v1.json,
t8mcafL4,1,IM_3,goal,goal:\bscores?\b,0.611,"He tips it over, needed to. Certainly wouldn't have expected Insigneur to score from there.",/home/eboccaletti/thesis_project/data/MOMENTS/t8mcafL4/important-moments/1/IM_3.mp4,/home/eboccaletti/thesis_project/data/MOMENTS/t8mcafL4/important-moments/1/IM_3_v1.json,
t8mcafL4,2,IM_16,goal,goal:\bgoal\b,0.867,You do feel as if there could be another goal in this game. Who will it come for? Lazari here for Lazio. Look at the running here. Flag stays down and over!,/home/eboccaletti/thesis_project/data/MOMENTS/t8mcafL4/important-moments/2/IM_16.mp4,/home/eboccaletti/thesis_project/data/MOMENTS/t8mcafL4/important-moments/2/IM_16_v1.json,
tE2Jn2J8,2,IM_13,goal,goal:\bgoal\b,0.920,"Curled in by Bernardeschi, it drops here for Bonucci, unable to apply the finishing touch. The captain nearly came up with a big goal there for Bianconeri.",/home/eboccaletti/thesis_project/data/MOMENTS/tE2Jn2J8/important-moments/2/IM_13.mp4,/home/eboccaletti/thesis_project/data/MOMENTS/tE2Jn2J8/important-moments/2/IM_13_v1.json,
tE2Jn2J8,2,IM_14,goal,goal:\bgoal\b,0.835,The captain nearly came up with a big goal there for the Bianco made it. He gambled on it. Could have squared it too towards Dybala just unable to control that finish.,/home/eboccaletti/thesis_project/data/MOMENTS/tE2Jn2J8/important-moments/2/IM_14.mp4,/home/eboccaletti/thesis_project/data/MOMENTS/tE2Jn2J8/important-moments/2/IM_14_v1.json,
tzblhNao,1,IM_2,goal,goal:\bback of the net\b,1.000,It just ends up in the back of the net. Sometimes the keeper gets a little bit of luck. Nick Pope's decisive. You could argue he deserves that bit of fortune.,/home/eboccaletti/thesis_project/data/MOMENTS/tzblhNao/important-moments/1/IM_2.mp4,/home/eboccaletti/thesis_project/data/MOMENTS/tzblhNao/important-moments/1/IM_2_v1.json,
tzblhNao,1,IM_3,goal,goal:\bgoal\b,0.934,"Pull back by Henderson, Alexander-Arnold tries to catch the goalkeeper out and does! It's an extraordinary goal! Pope expecting a cross and suddenly the ball swings over the top of him.",/home/eboccaletti/thesis_project/data/MOMENTS/tzblhNao/important-moments/1/IM_3.mp4,/home/eboccaletti/thesis_project/data/MOMENTS/tzblhNao/important-moments/1/IM_3_v1.json,
tzblhNao,1,IM_5,goal,goal:\bback of the net\b,0.985,Can't get near it. I think Alexander-Arnold's as surprised as anybody that this has ended up in the back of the net. Maybe trying to find Mo Salah at the fast end.,/home/eboccaletti/thesis_project/data/MOMENTS/tzblhNao/important-moments/1/IM_5.mp4,/home/eboccaletti/thesis_project/data/MOMENTS/tzblhNao/important-moments/1/IM_5_v1.json,
vVcWSKae,1,IM_3,goal,goal:\bputs? it (away|in)\b,0.744,"Szczesny was beaten, that's for sure. It's just the ball played into the box, and then just don't deal with it. And as he comes onto it, strikes it really well. Mandzukic was at the far post. He actually does well to take his head out of the way. Any contact with that, he could have put it in his own net. Talking about the connections between the clubs.",/home/eboccaletti/thesis_project/data/MOMENTS/vVcWSKae/important-moments/1/IM_3.mp4,/home/eboccaletti/thesis_project/data/MOMENTS/vVcWSKae/important-moments/1/IM_3_v1.json,
vVcWSKae,1,IM_4,goal,goal:\bit's in\b,0.963,"Kiesa sold by that pass just in behind him. Well, it's in the box. Juve is claiming it, hit the defender on the hand. VAR is looking at it as they always do.",/home/eboccaletti/thesis_project/data/MOMENTS/vVcWSKae/important-moments/1/IM_4.mp4,/home/eboccaletti/thesis_project/data/MOMENTS/vVcWSKae/important-moments/1/IM_4_v1.json,
vVcWSKae,1,IM_6,goal,goal:\bgoal\b,0.987,"Di Malo provides the little give-and-go with Bentoncourt, who's opened up the angle beautifully, and that's a lovely goal from Juventus. Well, we talked about no Pjanic.",/home/eboccaletti/thesis_project/data/MOMENTS/vVcWSKae/important-moments/1/IM_6.mp4,/home/eboccaletti/thesis_project/data/MOMENTS/vVcWSKae/important-moments/1/IM_6_v1.json,
vVcWSKae,1,IM_7,goal,goal:\bgoal\b,0.817,"It allows Bentancur to continue the 1-2 with Dybala here. You'll just see Ronaldo run, takes a couple of defenders with him, and it opens up for the midfield player, and he slots it brilliantly past the goalkeeper. Lafont is wrong-footed, Juve now in control. Had to just keep it down, rolls it into the corner. That's a good goal from the midfield man. And when Juve get into those areas, it's not just the clinical finish.",/home/eboccaletti/thesis_project/data/MOMENTS/vVcWSKae/important-moments/1/IM_7.mp4,/home/eboccaletti/thesis_project/data/MOMENTS/vVcWSKae/important-moments/1/IM_7_v1.json,
vVcWSKae,2,IM_3,goal,goal:\bgoal\b,1.000,"That should be a goal. And surely that goes as a rare Chiellini goal. His first forever two years. Well, Ronaldo certainly doesn't get a touch. The spin of the ball takes it back in.",/home/eboccaletti/thesis_project/data/MOMENTS/vVcWSKae/important-moments/2/IM_3.mp4,/home/eboccaletti/thesis_project/data/MOMENTS/vVcWSKae/important-moments/2/IM_3_v1.json,
vXz1jGnl,1,IM_7,goal,goal:\bgoal\b,0.979,Kovacic. Not enough disguise really on that pass. Stone's cut it out. Mahrez. It's a lovely run. It's a lovely goal from Riyad Mahrez. He has to wait for his opportunities. Determined to take his opportunities.,/home/eboccaletti/thesis_project/data/MOMENTS/vXz1jGnl/important-moments/1/IM_7.mp4,/home/eboccaletti/thesis_project/data/MOMENTS/vXz1jGnl/important-moments/1/IM_7_v1.json,
viZQQvS2,1,IM_4,goal,goal:\bgoal\b,0.668,"Mauro Icardi. Ian Sop has been delivering some very strange and hard to interpret messages on social media. Patabur now to Ilicic. Lovely turn. Great turn, great set up! It's Freyland's goal! The league's hot shots are at it.",/home/eboccaletti/thesis_project/data/MOMENTS/viZQQvS2/important-moments/1/IM_4.mp4,/home/eboccaletti/thesis_project/data/MOMENTS/viZQQvS2/important-moments/1/IM_4_v1.json,
vmBzl996,1,IM_11,goal,goal:\bgoal\b,1.000,"But you can't say Olympiacos don't deserve this goal back. Lovely ball from Balbuena, taken beautifully in his stride by Pudence.",/home/eboccaletti/thesis_project/data/MOMENTS/vmBzl996/important-moments/1/IM_11.mp4,/home/eboccaletti/thesis_project/data/MOMENTS/vmBzl996/important-moments/1/IM_11_v1.json,
vmBzl996,2,IM_7,goal,goal:\bgoal\b,0.872,The first Olympiacos goal just before half-time for Daniel Pudence.,/home/eboccaletti/thesis_project/data/MOMENTS/vmBzl996/important-moments/2/IM_7.mp4,/home/eboccaletti/thesis_project/data/MOMENTS/vmBzl996/important-moments/2/IM_7_v1.json,
x2i73QnS,2,IM_1,goal,goal:\bscored\b,0.944,"We'll see. Scored four against Inter over the years, by the way, Ilyich, including here in 2015 and 2016. He's only under contract until 2020. And that is becoming an issue for them, that they've dealt with players going before and they'll have to deal with it again.",/home/eboccaletti/thesis_project/data/MOMENTS/x2i73QnS/important-moments/2/IM_1.mp4,/home/eboccaletti/thesis_project/data/MOMENTS/x2i73QnS/important-moments/2/IM_1_v1.json,
x2i73QnS,2,IM_3,goal,goal:\bscores?\b,0.947,"Somehow Papu Gomez can't get the touch. There's the massive chance for Atalanta. You think they have to score. Cagliardini makes a complete mess of it again. When the ball comes across, all he needs to do is just tap it home.",/home/eboccaletti/thesis_project/data/MOMENTS/x2i73QnS/important-moments/2/IM_3.mp4,/home/eboccaletti/thesis_project/data/MOMENTS/x2i73QnS/important-moments/2/IM_3_v1.json,
xOG5Ydt8,2,IM_1,goal,goal:\bgoal\b,0.944,"Perhaps with the best chance that header in the 18th minute. Kwame Do is at the 36th. Perhaps the closest we came. Ball in, the header, the opening goal, seconds after the restart. And it's Giovanni Simeone against his former side.",/home/eboccaletti/thesis_project/data/MOMENTS/xOG5Ydt8/important-moments/2/IM_1.mp4,/home/eboccaletti/thesis_project/data/MOMENTS/xOG5Ydt8/important-moments/2/IM_1_v1.json,
xOG5Ydt8,2,IM_4,goal,goal:\bgoal\b,0.974,"Can always change late in a match and that's exactly what's happened moments after the goal scorer Simeone left the field. Genoa a level and now it looks set to be a point apiece. Cross in however. Oh, it's an own goal. Just seconds later and Cagliari retake the lead.",/home/eboccaletti/thesis_project/data/MOMENTS/xOG5Ydt8/important-moments/2/IM_4.mp4,/home/eboccaletti/thesis_project/data/MOMENTS/xOG5Ydt8/important-moments/2/IM_4_v1.json,
xOG5Ydt8,2,IM_6,goal,"goal:\bgoal\b,\bscores?\b,\bputs? it (away|in)\b",0.704,"Chrisito, you saw him score an unbelievable goal late on last season from not a dissimilar position. Kwame again, I think he touches at the moment, seems to turn into a goal, but not on that occasion. And look at this, look at this. It's Ionitza and João Pedro. His 150th league game for Cali. And he puts it in to finish the match. A fine finish from the Brazilian. Where was the Genoa defence? Nowhere.",/home/eboccaletti/thesis_project/data/MOMENTS/xOG5Ydt8/important-moments/2/IM_6.mp4,/home/eboccaletti/thesis_project/data/MOMENTS/xOG5Ydt8/important-moments/2/IM_6_v1.json,
xlO2e2Ra,1,IM_3,goal,goal:\bgoal\b,0.733,"Looking out, Dunaruma, Donali, Donazzi with the header away. Oh, and that is a wonderful second goal! That is Alfredo Dunaruma.",/home/eboccaletti/thesis_project/data/MOMENTS/xlO2e2Ra/important-moments/1/IM_3.mp4,/home/eboccaletti/thesis_project/data/MOMENTS/xlO2e2Ra/important-moments/1/IM_3_v1.json,
xlO2e2Ra,1,IM_4,goal,goal:\bgoal\b,0.937,Goal of the highest order. Drifted out wide. And then with the curler beyond the reach of Skolopski.,/home/eboccaletti/thesis_project/data/MOMENTS/xlO2e2Ra/important-moments/1/IM_4.mp4,/home/eboccaletti/thesis_project/data/MOMENTS/xlO2e2Ra/important-moments/1/IM_4_v1.json,
xlO2e2Ra,2,IM_5,goal,goal:\bgoal\b,0.987,"In fact, it was Chancellor with the own goal.",/home/eboccaletti/thesis_project/data/MOMENTS/xlO2e2Ra/important-moments/2/IM_5.mp4,/home/eboccaletti/thesis_project/data/MOMENTS/xlO2e2Ra/important-moments/2/IM_5_v1.json,
xpER1kZQ,1,IM_5,goal,goal:\bgoal\b,0.955,"They have spread chips across the board so to speak. Far post is Basham and the centre is O'Connell. Pickford can't get it there! First corner, first goal! But the referee...",/home/eboccaletti/thesis_project/data/MOMENTS/xpER1kZQ/important-moments/1/IM_5.mp4,/home/eboccaletti/thesis_project/data/MOMENTS/xpER1kZQ/important-moments/1/IM_5_v1.json,
xpER1kZQ,1,IM_8,goal,goal:\bgoal\b,0.608,"It will be Jeremy Miner because it came off his shoulder. He credited with the goal, maybe discredited with the own goal. Jeremy Miner, five minutes before half-time. Their first, first-half goal of the season. Brilliant ball in front.",/home/eboccaletti/thesis_project/data/MOMENTS/xpER1kZQ/important-moments/1/IM_8.mp4,/home/eboccaletti/thesis_project/data/MOMENTS/xpER1kZQ/important-moments/1/IM_8_v1.json,
xpER1kZQ,1,IM_9,goal,goal:\bscores?\b,0.792,"From the shoulder of the Colombian Mina. Keane. Leaves Fleck in his way. Michalisson! No strength in the header. All right, score to score.",/home/eboccaletti/thesis_project/data/MOMENTS/xpER1kZQ/important-moments/1/IM_9.mp4,/home/eboccaletti/thesis_project/data/MOMENTS/xpER1kZQ/important-moments/1/IM_9_v1.json,
xpER1kZQ,2,IM_6,goal,goal:\bgoal\b,0.821,"He's got many of the family watching the Liverpool-born player, plays a great ball, three moves in! Stunned Gunnison Park! His first goal for Sheffield United!",/home/eboccaletti/thesis_project/data/MOMENTS/xpER1kZQ/important-moments/2/IM_6.mp4,/home/eboccaletti/thesis_project/data/MOMENTS/xpER1kZQ/important-moments/2/IM_6_v1.json,
xx6GTsEM,2,IM_3,goal,goal:\bgoal\b,0.994,And you may well struggle to see a finer team goal this weekend.,/home/eboccaletti/thesis_project/data/MOMENTS/xx6GTsEM/important-moments/2/IM_3.mp4,/home/eboccaletti/thesis_project/data/MOMENTS/xx6GTsEM/important-moments/2/IM_3_v1.json,
xx6GTsEM,2,IM_9,goal,goal:\bscored\b,0.899,"Scored his last three, including two against Udinese. On this ground. And Morial to bring Atalanta level. Does so. Paul Carman collected another lifeline for Atalanta. And we are all square. We expected goals in this tie. We've got four of them. And there's still 25 minutes to play.",/home/eboccaletti/thesis_project/data/MOMENTS/xx6GTsEM/important-moments/2/IM_9.mp4,/home/eboccaletti/thesis_project/data/MOMENTS/xx6GTsEM/important-moments/2/IM_9_v1.json,
6ZIJp6HI,1,IM_6,goal|penalty,goal:\bscores?\b; penalty:\bpenalty\b,0.775,"They're being priced open one side and then the other at the moment. Fornells. Now Solanke back in his own penalty box. Rice, Snodgrass, it's a good period for West Ham. Hamas fans will feel they've got to score, take advantage of it.",/home/eboccaletti/thesis_project/data/MOMENTS/6ZIJp6HI/important-moments/1/IM_6.mp4,/home/eboccaletti/thesis_project/data/MOMENTS/6ZIJp6HI/important-moments/1/IM_6_v1.json,
KIMzryr9,2,IM_5,goal|penalty,"goal:\bscores?\b,\bscored\b; penalty:\bpenalty\b",0.864,"It's not saying much but if he scores this it will speak volumes about Inter's opportunities in this competition. Still in the air. A hush. Save. Comes back out. And Esposito, the Aix, who won the penalty, can't cover it. It was a rock penalty. Yeah, he scored one at the weekend.",/home/eboccaletti/thesis_project/data/MOMENTS/KIMzryr9/important-moments/2/IM_5.mp4,/home/eboccaletti/thesis_project/data/MOMENTS/KIMzryr9/important-moments/2/IM_5_v1.json,
dOs14Ugm,2,IM_1,goal|penalty,goal:\bgoal\b; penalty:\bpenalty\b,0.931,"Piotr to Ismaili. Ismaili's forward ball, Junior Marais, Ederson's come miles out of his goal, can he finish from there? No is the answer, Fernandinho was covering anyway. I think Ederson got that chance from goal wrong. He does love to come out of his penalty area and play as a kind of a sweeper.",/home/eboccaletti/thesis_project/data/MOMENTS/dOs14Ugm/important-moments/2/IM_1.mp4,/home/eboccaletti/thesis_project/data/MOMENTS/dOs14Ugm/important-moments/2/IM_1_v1.json,
0jJj5Mme,2,IM_13,penalty,penalty:\bpenalty\b,0.728,"Oh, they're gifted back to the centre bar. That did Wilde another penalty. Reckless, to say the least, from the eight.",/home/eboccaletti/thesis_project/data/MOMENTS/0jJj5Mme/important-moments/2/IM_13.mp4,/home/eboccaletti/thesis_project/data/MOMENTS/0jJj5Mme/important-moments/2/IM_13_v1.json,
0jJj5Mme,2,IM_23,penalty,penalty:\bfrom the spot\b,0.773,"It's provided by Robin Gersons, Duvan Zapata from the spot and Luis Murial scoring.",/home/eboccaletti/thesis_project/data/MOMENTS/0jJj5Mme/important-moments/2/IM_23.mp4,/home/eboccaletti/thesis_project/data/MOMENTS/0jJj5Mme/important-moments/2/IM_23_v1.json,
4IUxUAwJ,2,IM_7,penalty,penalty:\bpenalty\b,0.925,"They go forward, they're committing plenty of bodies into the penalty area. In it goes from Lulic this time, and it falls kindly for him.",/home/eboccaletti/thesis_project/data/MOMENTS/4IUxUAwJ/important-moments/2/IM_7.mp4,/home/eboccaletti/thesis_project/data/MOMENTS/4IUxUAwJ/important-moments/2/IM_7_v1.json,
4rxwHJn7,1,IM_10,penalty,penalty:\bpenalty\b,0.991,"I think he might give a penalty here. Well, Juve have been using VAR as a 12th man so far.",/home/eboccaletti/thesis_project/data/MOMENTS/4rxwHJn7/important-moments/1/IM_10.mp4,/home/eboccaletti/thesis_project/data/MOMENTS/4rxwHJn7/important-moments/1/IM_10_v1.json,
4rxwHJn7,1,IM_13,penalty,penalty:\bpenalty\b,0.960,"The way he's running over, he's going to give a penalty here. Penalty Juve!",/home/eboccaletti/thesis_project/data/MOMENTS/4rxwHJn7/important-moments/1/IM_13.mp4,/home/eboccaletti/thesis_project/data/MOMENTS/4rxwHJn7/important-moments/1/IM_13_v1.json,
4rxwHJn7,2,IM_3,penalty,penalty:\bpenalty\b,0.950,Well he's a fine penalty saver Bartolomej Drongovski.,/home/eboccaletti/thesis_project/data/MOMENTS/4rxwHJn7/important-moments/2/IM_3.mp4,/home/eboccaletti/thesis_project/data/MOMENTS/4rxwHJn7/important-moments/2/IM_3_v1.json,
4rxwHJn7,2,IM_4,penalty,penalty:\bpenalty\b,0.849,"It is a VAR moment that separates these sides, it's been that close. Ben Tankour trying to weave through, he's given a penalty! Terrific run!",/home/eboccaletti/thesis_project/data/MOMENTS/4rxwHJn7/important-moments/2/IM_4.mp4,/home/eboccaletti/thesis_project/data/MOMENTS/4rxwHJn7/important-moments/2/IM_4_v1.json,
4rxwHJn7,2,IM_7,penalty,penalty:\bpenalty\b,0.729,That's the one that I think means the penalty.,/home/eboccaletti/thesis_project/data/MOMENTS/4rxwHJn7/important-moments/2/IM_7.mp4,/home/eboccaletti/thesis_project/data/MOMENTS/4rxwHJn7/important-moments/2/IM_7_v1.json,
6ZIJp6HI,1,IM_9,penalty,penalty:\bpenalty\b,0.897,Loma got his head to it. Keeps coming back West Ham's way though doesn't it? And here comes the captain who started it all off today. Noble looking for a penalty. And he's got one.,/home/eboccaletti/thesis_project/data/MOMENTS/6ZIJp6HI/important-moments/1/IM_9.mp4,/home/eboccaletti/thesis_project/data/MOMENTS/6ZIJp6HI/important-moments/1/IM_9_v1.json,
6w99xiq5,2,IM_8,penalty,penalty:\bpenalty\b,0.997,"Do Ladea have a hero? Piccoli, Macielo goes down in the box, a penalty given! Oh, Atalanta have a lifeline. Andrea Macielo, the centre-back, was on the charge.",/home/eboccaletti/thesis_project/data/MOMENTS/6w99xiq5/important-moments/2/IM_8.mp4,/home/eboccaletti/thesis_project/data/MOMENTS/6w99xiq5/important-moments/2/IM_8_v1.json,
ABcIbvu8,2,IM_4,penalty,penalty:\bpenalty\b,0.913,Bertrand and Rolfo Femi on the scene. Danny Ings closely watched there by Tierney and he's given a penalty. Stuart Elwell.,/home/eboccaletti/thesis_project/data/MOMENTS/ABcIbvu8/important-moments/2/IM_4.mp4,/home/eboccaletti/thesis_project/data/MOMENTS/ABcIbvu8/important-moments/2/IM_4_v1.json,
ABcIbvu8,2,IM_5,penalty,penalty:\bpenalty\b,0.778,Stuart Howell. And it's a yellow card for Kieran Tierney and a penalty for Southampton. Tierney can believe it.,/home/eboccaletti/thesis_project/data/MOMENTS/ABcIbvu8/important-moments/2/IM_5.mp4,/home/eboccaletti/thesis_project/data/MOMENTS/ABcIbvu8/important-moments/2/IM_5_v1.json,
CWsmcDnK,2,IM_11,penalty,penalty:\bpenalty\b,0.885,Here's Dele Alli. Gets it back again from Semedo. Free kick. Butchelakis was lunging in to try and reach it. Just outside the Tottenham penalty area.,/home/eboccaletti/thesis_project/data/MOMENTS/CWsmcDnK/important-moments/2/IM_11.mp4,/home/eboccaletti/thesis_project/data/MOMENTS/CWsmcDnK/important-moments/2/IM_11_v1.json,
E5X6KOII,2,IM_11,penalty,penalty:\bpenalty\b,1.000,"In the end, it was one which saw them taken to the wire because of Gabriel's penalty save to deny Alexander Kolorov. It kept Roma sweating right to the end.",/home/eboccaletti/thesis_project/data/MOMENTS/E5X6KOII/important-moments/2/IM_11.mp4,/home/eboccaletti/thesis_project/data/MOMENTS/E5X6KOII/important-moments/2/IM_11_v1.json,
E5X6KOII,2,IM_7,penalty,penalty:\bpenalty\b,0.724,"Bula was dispossessed beautifully by Diawara. Zaniolo here, Zaniolo good feet, and Ingeco! As he pointed to the penalty spot...",/home/eboccaletti/thesis_project/data/MOMENTS/E5X6KOII/important-moments/2/IM_7.mp4,/home/eboccaletti/thesis_project/data/MOMENTS/E5X6KOII/important-moments/2/IM_7_v1.json,
E5X6KOII,2,IM_8,penalty,penalty:\bpenalty\b,0.990,"Lecce here on distraught, but the referee has pointed to the penalty spot and given Roma a penalty. Looky again there, again Clive, it does nothing, gets lucky here, there's the ball back. Oh yeah. Hits him on his forearm. Yeah, but if that's handball, how come the one in the first half, which was more blatant, he tried to get it out of the way there.",/home/eboccaletti/thesis_project/data/MOMENTS/E5X6KOII/important-moments/2/IM_8.mp4,/home/eboccaletti/thesis_project/data/MOMENTS/E5X6KOII/important-moments/2/IM_8_v1.json,
GEF9XGeE,1,IM_1,penalty,penalty:\bpenalty\b,0.961,"Oh, now here's a call. He's a big call. He's a very big call. Demiral has given away the penalty.",/home/eboccaletti/thesis_project/data/MOMENTS/GEF9XGeE/important-moments/1/IM_1.mp4,/home/eboccaletti/thesis_project/data/MOMENTS/GEF9XGeE/important-moments/1/IM_1_v1.json,
GEF9XGeE,2,IM_1,penalty,penalty:\bpenalty\b,0.770,"More defending here, Claudio, penalty, referee to the spot instantly. Sometimes there's a debate really, isn't there, about...",/home/eboccaletti/thesis_project/data/MOMENTS/GEF9XGeE/important-moments/2/IM_1.mp4,/home/eboccaletti/thesis_project/data/MOMENTS/GEF9XGeE/important-moments/2/IM_1_v1.json,
KCD7fMt6,2,IM_2,penalty,penalty:\bpenalty\b,0.743,"The roller. Well, a bit of room on that far side, Dalbert to put it across. Pushed away by Szczesny. And the shot was always going over from just outside the penalty area from Milan Fadel.",/home/eboccaletti/thesis_project/data/MOMENTS/KCD7fMt6/important-moments/2/IM_2.mp4,/home/eboccaletti/thesis_project/data/MOMENTS/KCD7fMt6/important-moments/2/IM_2_v1.json,
KIMzryr9,2,IM_3,penalty,penalty:\bpenalty\b,0.752,Another change. We don't know the extent of the sickness in the count. Royce has it. Gertzer hasn't been well. This is Esposito. Look at the power of the young man. He's gone down in the box. Antti Taylor says penalty kick into Milan. It looks a penalty to me all day long because both defenders are struggling to keep up with him.,/home/eboccaletti/thesis_project/data/MOMENTS/KIMzryr9/important-moments/2/IM_3.mp4,/home/eboccaletti/thesis_project/data/MOMENTS/KIMzryr9/important-moments/2/IM_3_v1.json,
KIMzryr9,2,IM_6,penalty,penalty:\bpenalty\b,0.976,Galliardini goes down. This is the penalty save. Martinez.,/home/eboccaletti/thesis_project/data/MOMENTS/KIMzryr9/important-moments/2/IM_6.mp4,/home/eboccaletti/thesis_project/data/MOMENTS/KIMzryr9/important-moments/2/IM_6_v1.json,
ObsVrY4o,1,IM_5,penalty,penalty:\bpenalty\b,0.899,Janic as we approach the half-hour mark at Morasi. That's hung in the air and it was... It's come down here to be hit and it was! Very close to an opener. There still could be danger yet for the champions. Zucanovic plays it back. Look how crowded it is in that box. Kwame with the header. They're saying there was a handball. It's been given. Penalty to Genoa. Referees seem to have a good view of that.,/home/eboccaletti/thesis_project/data/MOMENTS/ObsVrY4o/important-moments/1/IM_5.mp4,/home/eboccaletti/thesis_project/data/MOMENTS/ObsVrY4o/important-moments/1/IM_5_v1.json,
ObsVrY4o,1,IM_6,penalty,penalty:\bpenalty\b,0.714,"I'll be stunned if he gives the penalty here. It's that word that has been reviewed just recently, that word did...",/home/eboccaletti/thesis_project/data/MOMENTS/ObsVrY4o/important-moments/1/IM_6.mp4,/home/eboccaletti/thesis_project/data/MOMENTS/ObsVrY4o/important-moments/1/IM_6_v1.json,
ObsVrY4o,1,IM_7,penalty,penalty:\bpenalty\b,1.000,It looks worse in slow motion. You watch that in real time. There's no way that's a penalty.,/home/eboccaletti/thesis_project/data/MOMENTS/ObsVrY4o/important-moments/1/IM_7.mp4,/home/eboccaletti/thesis_project/data/MOMENTS/ObsVrY4o/important-moments/1/IM_7_v1.json,
Q3ZH0ngC,1,IM_13,penalty,penalty:\bpenalty\b,0.968,"He's desperate to get booked to tell you that because he's made him up for 20 fouls. Lovely run again, that's a penalty Sean. It's got to be, hasn't it? Yes it is.",/home/eboccaletti/thesis_project/data/MOMENTS/Q3ZH0ngC/important-moments/1/IM_13.mp4,/home/eboccaletti/thesis_project/data/MOMENTS/Q3ZH0ngC/important-moments/1/IM_13_v1.json,
Q3ZH0ngC,1,IM_15,penalty,penalty:\bpenalty\b,0.830,"It's just on the edge of the area, that's where they've given it. Although he's given a penalty actually.",/home/eboccaletti/thesis_project/data/MOMENTS/Q3ZH0ngC/important-moments/1/IM_15.mp4,/home/eboccaletti/thesis_project/data/MOMENTS/Q3ZH0ngC/important-moments/1/IM_15_v1.json,
Q3ZH0ngC,1,IM_18,penalty,penalty:\bpenalty\b,0.730,It's like a penalty to me. Well Guardiola is leading the protests and all the City players are having their...,/home/eboccaletti/thesis_project/data/MOMENTS/Q3ZH0ngC/important-moments/1/IM_18.mp4,/home/eboccaletti/thesis_project/data/MOMENTS/Q3ZH0ngC/important-moments/1/IM_18_v1.json,
Q3ZH0ngC,1,IM_20,penalty,penalty:\bpenalty\b,0.991,That's a penalty for me all day long. It's not like any of the others who've got it by the side or the cross of the chest. He's got his arms out and he's scared of the ball. Penalty. Confirmation.,/home/eboccaletti/thesis_project/data/MOMENTS/Q3ZH0ngC/important-moments/1/IM_20.mp4,/home/eboccaletti/thesis_project/data/MOMENTS/Q3ZH0ngC/important-moments/1/IM_20_v1.json,
Q3ZH0ngC,1,IM_21,penalty,penalty:\bpenalty\b,0.982,"So the responsibility falls here to Gabriel Jesus up against Pierluigi Gullini. Up steps Jesus. Oh, it's a terrible penalty. Awful penalty from Jesus.",/home/eboccaletti/thesis_project/data/MOMENTS/Q3ZH0ngC/important-moments/1/IM_21.mp4,/home/eboccaletti/thesis_project/data/MOMENTS/Q3ZH0ngC/important-moments/1/IM_21_v1.json,
UcZVYDFH,2,IM_2,penalty,penalty:\bpenalty\b,0.955,"Rincon will play it through and almost find Berenguer, that is a penalty kick. It was a rush challenge from Luperto.",/home/eboccaletti/thesis_project/data/MOMENTS/UcZVYDFH/important-moments/2/IM_2.mp4,/home/eboccaletti/thesis_project/data/MOMENTS/UcZVYDFH/important-moments/2/IM_2_v1.json,
UcZVYDFH,2,IM_6,penalty,penalty:\bpenalty\b,0.837,There's the penalty kick and rolled into the corner consummately by Andrea Bellotti. A decent penalty low.,/home/eboccaletti/thesis_project/data/MOMENTS/UcZVYDFH/important-moments/2/IM_6.mp4,/home/eboccaletti/thesis_project/data/MOMENTS/UcZVYDFH/important-moments/2/IM_6_v1.json,
UcZVYDFH,2,IM_9,penalty,penalty:\bpenalty\b,1.000,And the momentum that was built up by Torino as they were gifted that penalty.,/home/eboccaletti/thesis_project/data/MOMENTS/UcZVYDFH/important-moments/2/IM_9.mp4,/home/eboccaletti/thesis_project/data/MOMENTS/UcZVYDFH/important-moments/2/IM_9_v1.json,
Yemnqwk0,2,IM_6,penalty,penalty:\bpenalty\b,0.996,"Yeah, it was a beautiful, curled shot. And then we have this tremendous run into the box, which led to the penalty.",/home/eboccaletti/thesis_project/data/MOMENTS/Yemnqwk0/important-moments/2/IM_6.mp4,/home/eboccaletti/thesis_project/data/MOMENTS/Yemnqwk0/important-moments/2/IM_6_v1.json,
Yemnqwk0,2,IM_7,penalty,penalty:\bpenalty\b,0.922,And then we have this tremendous run into the box which led to the penalty. It seemed to be a handball by Nicolas Apokou.,/home/eboccaletti/thesis_project/data/MOMENTS/Yemnqwk0/important-moments/2/IM_7.mp4,/home/eboccaletti/thesis_project/data/MOMENTS/Yemnqwk0/important-moments/2/IM_7_v1.json,
Yemnqwk0,2,IM_9,penalty,penalty:\bspot kick\b,1.000,And Idris Mertens who stepped up and took the spot kick with aplomb.,/home/eboccaletti/thesis_project/data/MOMENTS/Yemnqwk0/important-moments/2/IM_9.mp4,/home/eboccaletti/thesis_project/data/MOMENTS/Yemnqwk0/important-moments/2/IM_9_v1.json,
Yo4Xirtq,1,IM_6,penalty,penalty:\bpenalty\b,0.750,"I'll see whether Leno can stop it. Here's the steady run up and a little place into the corner. And it's Mr Corr listening from the penalty spot, Giorginio. It's Chelsea 1, Arsenal 0 and Arsenal down to ten men.",/home/eboccaletti/thesis_project/data/MOMENTS/Yo4Xirtq/important-moments/1/IM_6.mp4,/home/eboccaletti/thesis_project/data/MOMENTS/Yo4Xirtq/important-moments/1/IM_6_v1.json,
Yo4Xirtq,1,IM_7,penalty,penalty:\bpenalty\b,0.940,"He's the perfect example Steve, that you don't have to smash a penalty. No, he never does. It seems to go the right way, Leno Pickett, but that right foot jumps right before he dives left, Leno.",/home/eboccaletti/thesis_project/data/MOMENTS/Yo4Xirtq/important-moments/1/IM_7.mp4,/home/eboccaletti/thesis_project/data/MOMENTS/Yo4Xirtq/important-moments/1/IM_7_v1.json,
bevos1dM,1,IM_3,penalty,penalty:\bpenalty\b,0.950,"But Chelsea find themselves behind early against Ajax and now they're the team that will look to respond. And they'll try and do that here through Christian Pulisic who's gone down. Mason Melbus coming in, penalty. What a star we've got here. Penalty to Chelsea for the foul on Pulisic.",/home/eboccaletti/thesis_project/data/MOMENTS/bevos1dM/important-moments/1/IM_3.mp4,/home/eboccaletti/thesis_project/data/MOMENTS/bevos1dM/important-moments/1/IM_3_v1.json,
bks0kqIh,1,IM_6,penalty,penalty:\bpenalty\b,0.670,And you and I have seen enough of the video assistant referee to know that typically this ends in an award of a penalty. Mancini not expecting Smalling to miss it.,/home/eboccaletti/thesis_project/data/MOMENTS/bks0kqIh/important-moments/1/IM_6.mp4,/home/eboccaletti/thesis_project/data/MOMENTS/bks0kqIh/important-moments/1/IM_6_v1.json,
bks0kqIh,1,IM_7,penalty,penalty:\bpenalty\b,1.000,All eyes on Davide Massa. Penalty to the visitors. And what an opportunity now for Cagliari.,/home/eboccaletti/thesis_project/data/MOMENTS/bks0kqIh/important-moments/1/IM_7.mp4,/home/eboccaletti/thesis_project/data/MOMENTS/bks0kqIh/important-moments/1/IM_7_v1.json,
bks0kqIh,2,IM_11,penalty,penalty:\bpenalty\b,0.930,Last few seconds for Kluivert. It's a deep ball in. Dzeko and Kalinic. Kalli have a precious point. Roma couldn't find a way through in the second half. João Pedro's penalty proved crucial. Olsen alert and attentive to keep out a number of half chances from Roma. That's all they were. Controversy surrounds it.,/home/eboccaletti/thesis_project/data/MOMENTS/bks0kqIh/important-moments/2/IM_11.mp4,/home/eboccaletti/thesis_project/data/MOMENTS/bks0kqIh/important-moments/2/IM_11_v1.json,
d6KTKRH2,1,IM_5,penalty,penalty:\bpenalty\b,0.931,Some referees will say his arm is in an area where it's stopping the cross going into the box. He's got it away from his body. Stops the ball going into a dangerous area. Every possibility he gives a penalty here.,/home/eboccaletti/thesis_project/data/MOMENTS/d6KTKRH2/important-moments/1/IM_5.mp4,/home/eboccaletti/thesis_project/data/MOMENTS/d6KTKRH2/important-moments/1/IM_5_v1.json,
d6KTKRH2,2,IM_6,penalty,penalty:\bpenalty\b,0.906,"Is Dybala took it beautifully then turns away from Musakyo. Reina with a wry smile, yellow card shown. Well he's given the penalty.",/home/eboccaletti/thesis_project/data/MOMENTS/d6KTKRH2/important-moments/2/IM_6.mp4,/home/eboccaletti/thesis_project/data/MOMENTS/d6KTKRH2/important-moments/2/IM_6_v1.json,
dOs14Ugm,1,IM_5,penalty,penalty:\bpenalty\b,0.853,"It's a very good time for a few seconds. Zincenka, Sterling, Jesus de Bruyne on the edge of the penalty area. Raheem Sterling hits a dipping right footed shot. Which Piotr saved pretty comfortably. Now Tyson, knocking it between the legs of Rodri. Tyson advancing, oh clever little run! Oh and straight into the chest of Edison. It was such a good chance.",/home/eboccaletti/thesis_project/data/MOMENTS/dOs14Ugm/important-moments/1/IM_5.mp4,/home/eboccaletti/thesis_project/data/MOMENTS/dOs14Ugm/important-moments/1/IM_5_v1.json,
hK46TwNp,1,IM_9,penalty,penalty:\bpenalty\b,0.979,"And he fires it in, Harry Kane style, powerfully, that's his penalty of choice. And the outcome, very much Tottenham's choice.",/home/eboccaletti/thesis_project/data/MOMENTS/hK46TwNp/important-moments/1/IM_9.mp4,/home/eboccaletti/thesis_project/data/MOMENTS/hK46TwNp/important-moments/1/IM_9_v1.json,
hhOORuUg,2,IM_8,penalty,penalty:\bfrom the spot\b,0.749,"Here he goes, Quagliarella from the spot, he's buried it! Samp are right back in it.",/home/eboccaletti/thesis_project/data/MOMENTS/hhOORuUg/important-moments/2/IM_8.mp4,/home/eboccaletti/thesis_project/data/MOMENTS/hhOORuUg/important-moments/2/IM_8_v1.json,
l0uNkr78,1,IM_4,penalty,penalty:\bpenalty\b,0.896,Now Kolarov for Kristante. Confidence again from Zaniolo. Wanted the penalty and he thought the referee was going to give it for a second there. The whistle seemed to go to the lips.,/home/eboccaletti/thesis_project/data/MOMENTS/l0uNkr78/important-moments/1/IM_4.mp4,/home/eboccaletti/thesis_project/data/MOMENTS/l0uNkr78/important-moments/1/IM_4_v1.json,
l0uNkr78,1,IM_7,penalty,penalty:\bpenalty\b,0.832,"And moments after Roma might have had a penalty, it's Inter who take the lead at the Olimpico.",/home/eboccaletti/thesis_project/data/MOMENTS/l0uNkr78/important-moments/1/IM_7.mp4,/home/eboccaletti/thesis_project/data/MOMENTS/l0uNkr78/important-moments/1/IM_7_v1.json,
nsbnKlSp,2,IM_10,penalty,penalty:\bpenalty\b,0.904,Referee as well. And he's given the penalty. As he slipped and holds his lower back.,/home/eboccaletti/thesis_project/data/MOMENTS/nsbnKlSp/important-moments/2/IM_10.mp4,/home/eboccaletti/thesis_project/data/MOMENTS/nsbnKlSp/important-moments/2/IM_10_v1.json,
nsbnKlSp,2,IM_14,penalty,penalty:\bpenalty\b,0.986,The ball is beyond him. Good powerful penalty by Martinez. So many penalties go down the middle.,/home/eboccaletti/thesis_project/data/MOMENTS/nsbnKlSp/important-moments/2/IM_14.mp4,/home/eboccaletti/thesis_project/data/MOMENTS/nsbnKlSp/important-moments/2/IM_14_v1.json,
pMi7XPEc,2,IM_13,penalty,penalty:\bpenalty\b,0.717,"Perfect penalty, sent the goalkeeper the wrong way right in the bottom.",/home/eboccaletti/thesis_project/data/MOMENTS/pMi7XPEc/important-moments/2/IM_13.mp4,/home/eboccaletti/thesis_project/data/MOMENTS/pMi7XPEc/important-moments/2/IM_13_v1.json,
pMi7XPEc,2,IM_7,penalty,penalty:\bpenalty\b,0.834,"But even his majestic left foot cannot get it on target. Ronaldo, Tivana! Penalty! The foul from Romagna who beats the ground in the...",/home/eboccaletti/thesis_project/data/MOMENTS/pMi7XPEc/important-moments/2/IM_7.mp4,/home/eboccaletti/thesis_project/data/MOMENTS/pMi7XPEc/important-moments/2/IM_7_v1.json,
pOf6Wnwt,1,IM_7,penalty,penalty:\bpenalty\b,0.903,"I'm not really sure Steve, they've had to work too hard in terms of closing Liverpool down. Whether tiredness would be a factor I'm not sure. Here's Robertson and now Mane. Di Lorenzo couldn't touch him and he didn't touch him according to the referee. Mane was looking for the penalty.",/home/eboccaletti/thesis_project/data/MOMENTS/pOf6Wnwt/important-moments/1/IM_7.mp4,/home/eboccaletti/thesis_project/data/MOMENTS/pOf6Wnwt/important-moments/1/IM_7_v1.json,
pOf6Wnwt,1,IM_8,penalty,penalty:\bpenalty\b,0.822,"He's gone down the left back, it is. Yeah, he's made a meal of that as well, hasn't he? Yeah, it's not a penalty, is it? Just to keep you in touch with what's happening in the group...",/home/eboccaletti/thesis_project/data/MOMENTS/pOf6Wnwt/important-moments/1/IM_8.mp4,/home/eboccaletti/thesis_project/data/MOMENTS/pOf6Wnwt/important-moments/1/IM_8_v1.json,
r173Oots,2,IM_5,penalty,penalty:\bpenalty\b,0.969,Will he have a say here? Took too long for Brighton. Got him to bother though. Sadio Mane goes to ground. And the penalty is given. An extraordinary end to the game.,/home/eboccaletti/thesis_project/data/MOMENTS/r173Oots/important-moments/2/IM_5.mp4,/home/eboccaletti/thesis_project/data/MOMENTS/r173Oots/important-moments/2/IM_5_v1.json,
r173Oots,2,IM_7,penalty,penalty:\bpenalty\b,0.983,But Liverpool did not give up. It was a penalty and you don't want anyone on it other than James Milner.,/home/eboccaletti/thesis_project/data/MOMENTS/r173Oots/important-moments/2/IM_7.mp4,/home/eboccaletti/thesis_project/data/MOMENTS/r173Oots/important-moments/2/IM_7_v1.json,
tE2Jn2J8,1,IM_3,penalty,penalty:\bpenalty\b,0.634,This is the previous effort for Vendaberski and then Pierre Vendaberski. You can hear what the home fans think about. And then just calling for the penalty.,/home/eboccaletti/thesis_project/data/MOMENTS/tE2Jn2J8/important-moments/1/IM_3.mp4,/home/eboccaletti/thesis_project/data/MOMENTS/tE2Jn2J8/important-moments/1/IM_3_v1.json,
tE2Jn2J8,2,IM_4,penalty,penalty:\bspot kick\b,0.853,"By the video assistant referee and the spot kick converted by Paolo Dybala. There's the challenge from Petri Cianic. Pjanic, a whisker too quick for the midfielder. Here's the contact. And absolutely nothing wrong with the contact from Paolo Dybala.",/home/eboccaletti/thesis_project/data/MOMENTS/tE2Jn2J8/important-moments/2/IM_4.mp4,/home/eboccaletti/thesis_project/data/MOMENTS/tE2Jn2J8/important-moments/2/IM_4_v1.json,
tE2Jn2J8,2,IM_7,penalty,penalty:\bpenalty\b,0.608,"And just for a moment, it looked as if Madcom and Korsu had picked out the top corner. Back in by Taksidis. The one hand ball, that the Dulevita is a penalty. Lecce have the chance to respond.",/home/eboccaletti/thesis_project/data/MOMENTS/tE2Jn2J8/important-moments/2/IM_7.mp4,/home/eboccaletti/thesis_project/data/MOMENTS/tE2Jn2J8/important-moments/2/IM_7_v1.json,
vVcWSKae,1,IM_5,penalty,penalty:\bpenalty\b,0.946,"He's looking for the cutback. I've seen penalties given for less than that in Serie A. I wouldn't give a penalty but I know that's the way the referees look at it. Yep, there you go. It is one of the most hotly contested talking points at the moment. When is handball deliberate?",/home/eboccaletti/thesis_project/data/MOMENTS/vVcWSKae/important-moments/1/IM_5.mp4,/home/eboccaletti/thesis_project/data/MOMENTS/vVcWSKae/important-moments/1/IM_5_v1.json,
vVcWSKae,2,IM_6,penalty,penalty:\bpenalty\b,0.996,"Yep, you can go, take the penalty. 12 minutes to go. Ronaldo, no doubt. 3-0 to Juve. An 11-point lead tonight. And Ronaldo, 10 goals in his last 11 Serie A matches.",/home/eboccaletti/thesis_project/data/MOMENTS/vVcWSKae/important-moments/2/IM_6.mp4,/home/eboccaletti/thesis_project/data/MOMENTS/vVcWSKae/important-moments/2/IM_6_v1.json,
vVcWSKae,2,IM_7,penalty,penalty:\bpenalty\b,0.939,"Hit with power. Here is the handball. It hits him on the hand, there's no question about that. His arm is to the side, but I think he's just got his arm out there for balance, and the result was a penalty. And it's the height that beats the goalkeeper Lafont. Chooses the right way, but it's too...",/home/eboccaletti/thesis_project/data/MOMENTS/vVcWSKae/important-moments/2/IM_7.mp4,/home/eboccaletti/thesis_project/data/MOMENTS/vVcWSKae/important-moments/2/IM_7_v1.json,
vVcWSKae,2,IM_9,penalty,penalty:\bfrom the spot\b,0.649,"Right now, Juve against Inter. It will be a battle of giants. Ben Tonkur, Chiellini, Ronaldo from the spot. It's finished. Fiorentina 0, Juventus 3. Fiorentina 0, Juventus 3.",/home/eboccaletti/thesis_project/data/MOMENTS/vVcWSKae/important-moments/2/IM_9.mp4,/home/eboccaletti/thesis_project/data/MOMENTS/vVcWSKae/important-moments/2/IM_9_v1.json,
vmBzl996,1,IM_4,penalty,penalty:\bfrom the spot\b,1.000,But normally very good from the spot. There's no mistake there. That was pretty much unstoppable from Harry Kane. Takes his tally to eight goals in eight appearances this season for club and country.,/home/eboccaletti/thesis_project/data/MOMENTS/vmBzl996/important-moments/1/IM_4.mp4,/home/eboccaletti/thesis_project/data/MOMENTS/vmBzl996/important-moments/1/IM_4_v1.json,
vmBzl996,2,IM_16,penalty,penalty:\bpenalty\b,0.982,"Last season's beaten finalists, Olympiacos have deserved this draw, no question about it. Tottenham led 2-0 in the first half with goals from a Harry Kane penalty in Lucas Moura. Daniel Pudence got one back just before half-time, that was crucial for Olympiacos, who then equalised through a Mathieu Valbuena penalty in the second half. That ended the scoring, there were plenty of other good chances that went begging.",/home/eboccaletti/thesis_project/data/MOMENTS/vmBzl996/important-moments/2/IM_16.mp4,/home/eboccaletti/thesis_project/data/MOMENTS/vmBzl996/important-moments/2/IM_16_v1.json,
vmBzl996,2,IM_4,penalty,penalty:\bpenalty\b,0.890,"No shooting opportunity for Guillerme, this is Valbuena. Turned away by Vertonghen, now Simicas. Olympiakos Thull staying firmly on the front foot here. This is Pudence. Steal from Bouchelakis, penalty! Really poor challenge by Vertonghen. Referee points immediately to the spot. Valbuena wins.",/home/eboccaletti/thesis_project/data/MOMENTS/vmBzl996/important-moments/2/IM_4.mp4,/home/eboccaletti/thesis_project/data/MOMENTS/vmBzl996/important-moments/2/IM_4_v1.json,
xpER1kZQ,1,IM_2,penalty,penalty:\bpenalty\b,0.795,"Bernard can't do much for the cutback. The ball comes in behind him, they work it wide and this is a very decent strike. Ruka then ends for the penalty spot.",/home/eboccaletti/thesis_project/data/MOMENTS/xpER1kZQ/important-moments/1/IM_2.mp4,/home/eboccaletti/thesis_project/data/MOMENTS/xpER1kZQ/important-moments/1/IM_2_v1.json,
Yo4Xirtq,1,IM_3,penalty|red_card,penalty:\bpenalty\b; red_card:\bred card\b,0.937,"There's Rudiger, or to William. Forward then by Kovacic. And not the best of balls by Mustafi is Tammy Abraham, who's in, David Luiz working hard. And the decision is penalty. Well, he took his time, Stuart Atwell, to point to the spot. And a red card for David Luiz, who returns to Stamford Bridge as an Arsenal player.",/home/eboccaletti/thesis_project/data/MOMENTS/Yo4Xirtq/important-moments/1/IM_3.mp4,/home/eboccaletti/thesis_project/data/MOMENTS/Yo4Xirtq/important-moments/1/IM_3_v1.json,
0rkvoaKm,2,IM_14,red_card,red_card:\bred card\b,0.930,This is going to be a red card and it's not going to change the course of the game.,/home/eboccaletti/thesis_project/data/MOMENTS/0rkvoaKm/important-moments/2/IM_14.mp4,/home/eboccaletti/thesis_project/data/MOMENTS/0rkvoaKm/important-moments/2/IM_14_v1.json,
0rkvoaKm,2,IM_15,red_card,red_card:\bred card\b,0.992,Savage is aghast. It does what happened at the red card. One ball away. A little bit of confusion.,/home/eboccaletti/thesis_project/data/MOMENTS/0rkvoaKm/important-moments/2/IM_15.mp4,/home/eboccaletti/thesis_project/data/MOMENTS/0rkvoaKm/important-moments/2/IM_15_v1.json,
4IUxUAwJ,2,IM_12,red_card,red_card:\bsent off\b,0.793,"And... Kajan did okay to win that. Now then, Echervi with the challenge. And Echervi has been sent off. And he will not be breaking Javier Zanetti's record.",/home/eboccaletti/thesis_project/data/MOMENTS/4IUxUAwJ/important-moments/2/IM_12.mp4,/home/eboccaletti/thesis_project/data/MOMENTS/4IUxUAwJ/important-moments/2/IM_12_v1.json,
GEF9XGeE,2,IM_10,red_card,red_card:\bred card\b,0.997,One final flourish maybe. Appended right on the edge of the area. And it's a red card.,/home/eboccaletti/thesis_project/data/MOMENTS/GEF9XGeE/important-moments/2/IM_10.mp4,/home/eboccaletti/thesis_project/data/MOMENTS/GEF9XGeE/important-moments/2/IM_10_v1.json,
Q3ZH0ngC,2,IM_8,red_card,red_card:\bred card\b,0.900,"City had to dig a result out in the Premier League against Southampton at the weekend, and they'll have to do the same here in Milan tonight if they want to maintain their 100% record in the Champions League. But they're in trouble now, it's Ilyich swimming through. Oh, Bravo's brought him down! I don't think he touched them, didn't he? It's a red card, the referee thinks he did. Oh, City lost Edison to a minor injury.",/home/eboccaletti/thesis_project/data/MOMENTS/Q3ZH0ngC/important-moments/2/IM_8.mp4,/home/eboccaletti/thesis_project/data/MOMENTS/Q3ZH0ngC/important-moments/2/IM_8_v1.json,
WMXiUm8r,2,IM_7,red_card,red_card:\bred card\b,0.978,"Now Pjanic, beyond the edges of their seats, in Bergamo, Barrow goes over. Bernadeschi gets a red card.",/home/eboccaletti/thesis_project/data/MOMENTS/WMXiUm8r/important-moments/2/IM_7.mp4,/home/eboccaletti/thesis_project/data/MOMENTS/WMXiUm8r/important-moments/2/IM_7_v1.json,
Yo4Xirtq,1,IM_5,red_card,red_card:\bred card\b,0.994,David Luiz tries not to foul him too much if that makes sense but it is a push and it is a foul and it is a red card.,/home/eboccaletti/thesis_project/data/MOMENTS/Yo4Xirtq/important-moments/1/IM_5.mp4,/home/eboccaletti/thesis_project/data/MOMENTS/Yo4Xirtq/important-moments/1/IM_5_v1.json,
Yo4Xirtq,2,IM_3,red_card,red_card:\bsent off\b,0.943,"They keep changing the mind, they keep changing the boards, I'm looking at them now. He was due to come on just after David Luiz was sent off, here's Barkley, good save! Wonderful ball, floated in. Yeah, it was, it was a lovely run by Ross Barkley.",/home/eboccaletti/thesis_project/data/MOMENTS/Yo4Xirtq/important-moments/2/IM_3.mp4,/home/eboccaletti/thesis_project/data/MOMENTS/Yo4Xirtq/important-moments/2/IM_3_v1.json,
bevos1dM,2,IM_12,red_card,red_card:\bsent off\b,0.672,What's he given now? I think Lind's been sent off now. He has. That's his second yellow for David.,/home/eboccaletti/thesis_project/data/MOMENTS/bevos1dM/important-moments/2/IM_12.mp4,/home/eboccaletti/thesis_project/data/MOMENTS/bevos1dM/important-moments/2/IM_12_v1.json,
rs1thcel,1,IM_9,red_card,red_card:\bred card\b,0.911,Nikoljanez wanted to see the ball into touch and managed it. Ilicic has had a swing there. And Nikoljanez. And it's a straight red card. Things have gone from bad to worse.,/home/eboccaletti/thesis_project/data/MOMENTS/rs1thcel/important-moments/1/IM_9.mp4,/home/eboccaletti/thesis_project/data/MOMENTS/rs1thcel/important-moments/1/IM_9_v1.json,
